-- phpMyAdmin SQL Dump
-- version 5.2.1
-- https://www.phpmyadmin.net/
--
-- Host: 127.0.0.1
-- Generation Time: Apr 02, 2026 at 06:01 AM
-- Server version: 10.4.32-MariaDB
-- PHP Version: 8.2.12

SET SQL_MODE = "NO_AUTO_VALUE_ON_ZERO";
START TRANSACTION;
SET time_zone = "+00:00";


/*!40101 SET @OLD_CHARACTER_SET_CLIENT=@@CHARACTER_SET_CLIENT */;
/*!40101 SET @OLD_CHARACTER_SET_RESULTS=@@CHARACTER_SET_RESULTS */;
/*!40101 SET @OLD_COLLATION_CONNECTION=@@COLLATION_CONNECTION */;
/*!40101 SET NAMES utf8mb4 */;

--
-- Database: `db_logistik_barang_azka`
--

-- --------------------------------------------------------

--
-- Table structure for table `tbl_activity_logs_azka`
--

CREATE TABLE `tbl_activity_logs_azka` (
  `id_azka` int(11) NOT NULL,
  `user_id_azka` int(11) NOT NULL,
  `shipment_id_azka` int(11) DEFAULT NULL,
  `actions_azka` varchar(255) NOT NULL,
  `reference_azka` varchar(100) NOT NULL,
  `created_at_azka` timestamp NOT NULL DEFAULT current_timestamp()
) ENGINE=InnoDB DEFAULT CHARSET=utf8mb4 COLLATE=utf8mb4_general_ci;

--
-- Dumping data for table `tbl_activity_logs_azka`
--

INSERT INTO `tbl_activity_logs_azka` (`id_azka`, `user_id_azka`, `shipment_id_azka`, `actions_azka`, `reference_azka`, `created_at_azka`) VALUES
(1, 1, NULL, 'Login sistem', 'users', '2025-11-29 02:04:48'),
(4, 1, NULL, 'LOGOUT', 'User admin logout', '2025-11-29 11:23:43'),
(7, 1, NULL, 'LOGIN', 'User admin berhasil login', '2025-11-29 11:24:41'),
(8, 1, NULL, 'Logout', 'User admin logout', '2025-11-29 11:52:22'),
(9, 1, NULL, 'Login', 'User admin berhasil login', '2025-11-29 12:17:56'),
(10, 1, NULL, 'Logout', 'User admin logout', '2025-11-29 12:39:28'),
(13, 1, NULL, 'Login', 'User admin berhasil login', '2025-11-29 12:46:15'),
(14, 1, NULL, 'Logout', 'User admin logout', '2025-11-29 12:49:23'),
(22, 1, NULL, 'Login', 'User Admin berhasil login', '2025-11-29 13:03:49'),
(23, 1, NULL, 'Logout', 'User Admin logout', '2025-11-29 16:10:55'),
(24, 1, NULL, 'Login', 'User Admin berhasil login', '2025-11-29 16:11:13'),
(25, 1, NULL, 'Edit', 'Edit barang: Beras Premium 5kg', '2025-11-29 16:15:02'),
(26, 1, NULL, 'Edit', 'Edit barang: Beras Premium 5kg', '2025-11-29 16:17:01'),
(27, 1, NULL, 'Logout', 'User Admin logout', '2025-11-30 03:12:38'),
(28, 1, NULL, 'Login', 'User Admin berhasil login', '2025-11-30 03:13:02'),
(29, 1, NULL, 'Login', 'User Admin berhasil login', '2025-11-30 03:13:14'),
(30, 1, NULL, 'Login', 'User Admin berhasil login', '2025-11-30 03:13:14'),
(31, 1, NULL, 'Login', 'User Admin berhasil login', '2025-11-30 03:13:14'),
(32, 1, NULL, 'Logout', 'User Admin logout', '2025-11-30 10:00:14'),
(35, 1, NULL, 'Login', 'User Admin berhasil login', '2025-11-30 10:01:16'),
(36, 1, NULL, 'Tambah Data', 'Barang #SKU-HP-006 Berhasil di tambahkan', '2025-11-30 10:57:40'),
(37, 1, NULL, 'Logout', 'User Admin logout', '2025-11-30 10:58:38'),
(42, 1, NULL, 'Login', 'User Admin berhasil login', '2025-11-30 11:46:03'),
(43, 1, NULL, 'Login', 'User Admin berhasil login', '2025-11-30 12:00:35'),
(44, 1, NULL, 'Edit Receiving', 'Receiving ID 1 diperbarui', '2025-11-30 14:05:40'),
(45, 1, NULL, 'Login', 'User Admin berhasil login', '2025-12-01 02:21:03'),
(46, 1, NULL, 'Login', 'User Admin berhasil login', '2025-12-01 02:21:23'),
(47, 1, NULL, 'Edit Receiving', 'Receiving ID 4 diperbarui', '2025-12-01 10:06:43'),
(48, 1, NULL, 'Tambah Data Stock', 'Stock #5 di tambahkan', '2025-12-02 11:46:01'),
(49, 1, NULL, 'Tambah Data Stock', 'Stock #5 di tambahkan', '2025-12-02 11:49:40'),
(50, 1, NULL, 'Tambah Data', 'Order #0RD-1024 di tambahkan', '2025-12-02 14:13:45'),
(51, 1, NULL, 'Edit Receiving', 'Receiving ID 3 diperbarui', '2025-12-02 14:16:50'),
(52, 1, NULL, 'Edit Receiving', 'Receiving ID 1 diperbarui', '2025-12-02 17:00:06'),
(53, 1, NULL, 'Edit Receiving', 'Receiving ID 1 diperbarui', '2025-12-02 17:00:16'),
(54, 1, NULL, 'Tambah Data', 'Gudang #Gudang Cabang Utara di tambahkan', '2025-12-02 23:56:08'),
(55, 1, NULL, 'Logout', 'User Admin logout', '2025-12-03 08:36:07'),
(58, 1, NULL, 'Login', 'User Admin berhasil login', '2025-12-03 11:24:59'),
(59, 1, NULL, 'Logout', 'User Admin logout', '2025-12-03 11:36:19'),
(62, 1, NULL, 'Login', 'User Admin berhasil login', '2025-12-03 11:37:06'),
(63, 1, NULL, 'Logout', 'User Admin logout', '2025-12-03 12:52:28'),
(64, 1, NULL, 'Login', 'User Admin berhasil login', '2025-12-03 12:52:41'),
(65, 1, NULL, 'Logout', 'User Admin logout', '2025-12-03 13:04:51'),
(68, 1, NULL, 'Login', 'User Admin berhasil login', '2025-12-03 13:05:22'),
(69, 1, NULL, 'Tambah Data', 'Barang #SKU-PWRBNK-007 di tambahkan', '2025-12-03 15:34:56'),
(70, 1, NULL, 'Edit', 'Edit barang: Laptop Mackbook', '2025-12-04 12:31:33'),
(71, 1, NULL, 'Edit', 'Edit barang: Beras Premium 5kg', '2025-12-04 12:36:43'),
(72, 1, NULL, 'Edit', 'Edit barang: Beras Premium 5kg', '2025-12-04 12:39:55'),
(73, 1, NULL, 'Edit', 'Edit barang: Gula Putih 1kg', '2025-12-04 12:40:09'),
(74, 1, NULL, 'Edit', 'Edit barang: Laptop Mackbook', '2025-12-04 12:41:28'),
(75, 1, NULL, 'Edit', 'Edit barang: OPPO A16', '2025-12-04 12:41:37'),
(76, 1, NULL, 'Edit', 'Edit barang: Power Bank', '2025-12-04 12:41:46'),
(77, 1, NULL, 'Tambah Data', 'Barang #SKU-KYBRD-008 di tambahkan', '2025-12-04 12:43:09'),
(78, 1, NULL, 'Tambah Data', 'Order #0RD-1025 di tambahkan', '2025-12-04 16:24:20'),
(79, 1, NULL, 'Kurir mengambil paket', '2', '2025-12-05 13:49:19'),
(80, 1, NULL, 'Kurir mengambil paket', '6', '2025-12-05 14:07:29'),
(81, 1, NULL, 'Tambah Data', 'Order #0RD-1026 di tambahkan', '2025-12-05 15:46:56'),
(82, 1, NULL, 'Kurir mengambil paket', '6', '2025-12-05 17:15:40'),
(83, 1, NULL, 'Kurir mengambil paket', '7', '2025-12-05 17:45:58'),
(84, 1, NULL, 'Kurir mengambil paket', '8', '2025-12-05 17:48:32'),
(85, 1, NULL, 'Logout', 'User Admin logout', '2025-12-05 18:25:36'),
(88, 1, NULL, 'Login', 'User Admin berhasil login', '2025-12-05 18:26:31'),
(89, 1, NULL, 'Tambah Data', 'Order #ORD-1023 di tambahkan', '2025-12-06 02:01:16'),
(90, 1, NULL, 'Tambah Data', 'Order #ORD-1024 ditambahkan', '2025-12-06 08:18:13'),
(91, 1, NULL, 'Login', 'User Admin berhasil login', '2025-12-06 13:39:55'),
(92, 1, NULL, 'Login', 'User Admin berhasil login', '2025-12-07 06:02:21'),
(93, 1, NULL, 'Tambah Data', 'Order #ORD-1028 ditambahkan', '2025-12-07 07:20:41'),
(94, 1, NULL, 'Tambah Data', 'Order #ORD-1029 ditambahkan', '2025-12-07 07:20:56'),
(95, 1, NULL, 'Tambah Data', 'Order #ORD-1030 ditambahkan', '2025-12-07 07:23:15'),
(96, 1, NULL, 'Tambah Data', 'Order #ORD-1031 ditambahkan', '2025-12-07 10:54:23'),
(97, 1, NULL, 'Logout', 'User Admin logout', '2025-12-07 10:58:29'),
(98, 7, NULL, 'Login', 'User azka berhasil login', '2025-12-07 10:58:43'),
(99, 7, NULL, 'Logout', 'User azka logout', '2025-12-07 11:30:18'),
(100, 1, NULL, 'Login', 'User Admin berhasil login', '2025-12-07 11:30:53'),
(101, 1, NULL, 'Logout', 'User Admin logout', '2025-12-07 11:31:23'),
(102, 7, NULL, 'Login', 'User azka berhasil login', '2025-12-07 11:31:39'),
(103, 7, NULL, 'Logout', 'User azka logout', '2025-12-07 11:31:59'),
(104, 7, NULL, 'Login', 'User azka berhasil login', '2025-12-07 11:37:12'),
(105, 7, NULL, 'Logout', 'User azka logout', '2025-12-07 11:37:36'),
(108, 1, NULL, 'Login', 'User Admin berhasil login', '2025-12-07 11:38:12'),
(109, 1, NULL, 'Tambah Data', 'Order #ORD-1031 ditambahkan', '2025-12-07 11:38:51'),
(110, 1, NULL, 'Logout', 'User Admin logout', '2025-12-07 11:39:00'),
(113, 7, NULL, 'Login', 'User azka berhasil login', '2025-12-07 11:39:30'),
(114, 7, NULL, 'Logout', 'User azka logout', '2025-12-07 11:39:39'),
(119, 1, NULL, 'Login', 'User Admin berhasil login', '2025-12-07 12:24:34'),
(120, 1, NULL, 'Login', 'User Admin berhasil login', '2025-12-10 08:49:48'),
(121, 1, NULL, 'Logout', 'User Admin logout', '2025-12-10 12:00:56'),
(122, 1, NULL, 'Logout', 'User Admin logout', '2025-12-10 12:01:10'),
(123, 7, NULL, 'Login', 'User azka berhasil login', '2025-12-10 12:01:35'),
(124, 7, NULL, 'Logout', 'User azka logout', '2025-12-10 12:17:14'),
(125, 1, NULL, 'Login', 'User Admin berhasil login', '2025-12-10 12:17:51'),
(126, 1, NULL, 'Tambah Order', 'Order ORD-1032 ditugaskan ke kurir ID 5', '2025-12-10 12:20:16'),
(127, 1, NULL, 'Tambah Order', 'Order ORD-1033 ditugaskan ke kurir ID 7', '2025-12-10 12:21:47'),
(128, 1, NULL, 'Logout', 'User Admin logout', '2025-12-10 12:22:17'),
(129, 7, NULL, 'Login', 'User azka berhasil login', '2025-12-10 12:24:10'),
(130, 7, NULL, 'Logout', 'User azka logout', '2025-12-11 12:33:52'),
(133, 1, NULL, 'Login', 'User Admin berhasil login', '2025-12-11 12:34:42'),
(134, 1, NULL, 'Logout', 'User Admin logout', '2025-12-11 12:43:38'),
(135, 7, NULL, 'Login', 'User azka berhasil login', '2025-12-11 12:44:21'),
(136, 7, NULL, 'Logout', 'User azka logout', '2025-12-11 12:44:56'),
(139, 1, NULL, 'Login', 'User Admin berhasil login', '2025-12-11 13:09:17'),
(140, 1, NULL, 'Login', 'User Admin berhasil login', '2025-12-28 00:07:17'),
(141, 1, NULL, 'Tambah Order', 'Order ORD-1034 ditugaskan ke kurir ID 7', '2025-12-28 00:12:11'),
(142, 1, NULL, 'Logout', 'User Admin logout', '2025-12-28 00:12:45'),
(143, 7, NULL, 'Login', 'User azka berhasil login', '2025-12-28 00:12:57'),
(144, 7, NULL, 'Logout', 'User azka logout', '2025-12-28 00:13:12'),
(145, 1, NULL, 'Login', 'User Admin berhasil login', '2025-12-28 00:13:24'),
(146, 1, NULL, 'Logout', 'User Admin logout', '2025-12-28 00:14:23'),
(147, 7, NULL, 'Login', 'User azka berhasil login', '2025-12-28 00:14:36'),
(148, 7, NULL, 'Logout', 'User azka logout', '2025-12-28 00:14:50'),
(149, 1, NULL, 'Login', 'User Admin berhasil login', '2025-12-28 00:15:01'),
(150, 1, NULL, 'Logout', 'User Admin logout', '2025-12-28 00:15:53'),
(151, 7, NULL, 'Login', 'User azka berhasil login', '2025-12-28 00:16:05'),
(152, 7, NULL, 'Logout', 'User azka logout', '2025-12-28 00:16:27'),
(153, 1, NULL, 'Login', 'User Admin berhasil login', '2025-12-28 00:16:39'),
(154, 1, NULL, 'Tambah Order', 'Order ORD-1035 ditugaskan ke kurir ID 7', '2025-12-28 00:19:35'),
(155, 1, NULL, 'Tambah Order', 'Order ORD-1036 ditugaskan ke kurir ID 7', '2025-12-28 00:19:52'),
(156, 1, NULL, 'Tambah Order', 'Order ORD-1037 ditugaskan ke kurir ID 7', '2025-12-28 00:20:16'),
(157, 1, NULL, 'Logout', 'User Admin logout', '2025-12-28 00:20:36'),
(158, 7, NULL, 'Login', 'User azka berhasil login', '2025-12-28 00:20:47'),
(159, 7, NULL, 'Logout', 'User azka logout', '2025-12-28 00:21:00'),
(162, 1, NULL, 'Login', 'User Admin berhasil login', '2025-12-28 00:23:10'),
(163, 1, NULL, 'Logout', 'User Admin logout', '2025-12-28 00:23:24'),
(166, 1, NULL, 'Login', 'User Admin berhasil login', '2025-12-28 02:56:08'),
(167, 1, NULL, 'Logout', 'User Admin logout', '2025-12-28 02:56:52'),
(168, 7, NULL, 'Login', 'User azka berhasil login', '2025-12-28 02:57:05'),
(169, 7, NULL, 'Logout', 'User azka logout', '2025-12-28 02:57:47'),
(174, 1, NULL, 'Login', 'User Admin berhasil login', '2026-01-15 10:28:09'),
(175, 1, NULL, 'Login', 'User Admin berhasil login', '2026-01-15 10:49:36'),
(176, 1, NULL, 'Tambah Data', 'Barang #SKU_MBDR10 di tambahkan', '2026-01-15 10:50:43'),
(177, 1, NULL, 'Edit', 'Edit barang: Motherboard ', '2026-01-15 10:51:55'),
(178, 1, NULL, 'Logout', 'User Admin logout', '2026-01-15 10:52:59'),
(179, 1, NULL, 'Login', 'User Admin berhasil login', '2026-01-15 10:53:05'),
(180, 1, NULL, 'Logout', 'User Admin logout', '2026-01-15 10:59:42'),
(181, 7, NULL, 'Login', 'User azka berhasil login', '2026-01-15 10:59:51'),
(182, 7, NULL, 'Logout', 'User azka logout', '2026-01-15 11:03:24'),
(183, 1, NULL, 'Login', 'User Admin berhasil login', '2026-01-15 11:03:33'),
(184, 1, NULL, 'Logout', 'User Admin logout', '2026-01-15 11:04:25'),
(185, 7, NULL, 'Login', 'User azka berhasil login', '2026-01-15 11:04:30'),
(186, 7, NULL, 'Logout', 'User azka logout', '2026-01-15 11:04:43'),
(187, 1, NULL, 'Login', 'User Admin berhasil login', '2026-01-15 11:04:50'),
(188, 1, NULL, 'Login', 'User Admin berhasil login', '2026-01-15 11:57:35'),
(189, 1, NULL, 'Login', 'User Admin berhasil login', '2026-01-19 12:06:41'),
(190, 1, NULL, 'Logout', 'User Admin logout', '2026-01-19 12:54:49'),
(191, 8, NULL, 'Login', 'User Alif berhasil login', '2026-01-19 12:54:55'),
(192, 8, NULL, 'Logout', 'User Alif logout', '2026-01-19 12:55:00'),
(193, 1, NULL, 'Login', 'User Admin berhasil login', '2026-01-19 12:55:05'),
(194, 1, NULL, 'Logout', 'User Admin logout', '2026-01-19 12:55:54'),
(195, 8, NULL, 'Login', 'User Alif berhasil login', '2026-01-19 12:56:07'),
(196, 8, NULL, 'Logout', 'User Alif logout', '2026-01-19 12:56:36'),
(197, 1, NULL, 'Login', 'User Admin berhasil login', '2026-01-19 12:56:43'),
(198, 1, NULL, 'Logout', 'User Admin logout', '2026-01-19 12:57:10'),
(199, 7, NULL, 'Login', 'User fadlan berhasil login', '2026-01-19 12:57:22'),
(200, 7, NULL, 'Logout', 'User fadlan logout', '2026-01-19 12:57:31'),
(201, 7, NULL, 'Login', 'User fadlan berhasil login', '2026-01-19 12:57:37'),
(202, 7, NULL, 'Logout', 'User fadlan logout', '2026-01-19 13:00:33'),
(203, 1, NULL, 'Login', 'User Admin berhasil login', '2026-01-19 13:00:39'),
(204, 1, NULL, 'Login', 'User Admin berhasil login', '2026-01-21 10:46:30'),
(205, 1, NULL, 'Login', 'User Admin berhasil login', '2026-01-21 10:46:37'),
(206, 1, NULL, 'Login', 'User Admin berhasil login', '2026-01-21 10:47:11'),
(207, 1, NULL, 'Login', 'User Admin berhasil login', '2026-01-21 10:47:12'),
(208, 1, NULL, 'Login', 'User Admin berhasil login', '2026-01-21 10:47:24'),
(209, 1, NULL, 'Login', 'User Admin berhasil login', '2026-01-21 10:48:04'),
(210, 1, NULL, 'Logout', 'User Admin logout', '2026-01-21 10:48:13'),
(211, 1, NULL, 'Login', 'User Admin berhasil login', '2026-01-21 10:48:24'),
(212, 1, NULL, 'Login', 'User Admin berhasil login', '2026-01-21 11:23:31'),
(213, 1, NULL, 'Login', 'User Admin berhasil login', '2026-01-21 11:23:57'),
(214, 1, NULL, 'Tambah Data', 'Barang #SKU-LCD-010 di tambahkan', '2026-01-21 15:02:34'),
(215, 1, NULL, 'Tambah Order', 'Order ORD-1038 ditugaskan ke kurir ID 7', '2026-01-21 15:11:05'),
(216, 1, NULL, 'Login', 'User Admin berhasil login', '2026-01-29 07:44:35'),
(217, 1, NULL, 'Login', 'User Admin berhasil login', '2026-01-29 07:56:48'),
(218, 1, NULL, 'Login', 'User Admin berhasil login', '2026-01-29 07:59:01'),
(219, 1, NULL, 'Logout', 'User Admin berhasil logout', '2026-01-29 09:33:54'),
(220, 7, NULL, 'Login', 'User fadlan berhasil login', '2026-01-29 09:34:01'),
(221, 1, NULL, 'Login', 'User Admin berhasil login', '2026-01-29 10:10:58'),
(222, 1, NULL, 'Logout', 'User Admin berhasil logout', '2026-01-29 10:44:35'),
(223, 7, NULL, 'Login', 'User fadlan berhasil login', '2026-01-29 10:44:39'),
(224, 1, NULL, 'Login', 'User Admin berhasil login', '2026-01-29 11:21:57'),
(225, 1, NULL, 'Login', 'User Admin berhasil login', '2026-01-31 15:44:50'),
(226, 1, NULL, 'Logout', 'User Admin berhasil logout', '2026-01-31 16:46:14'),
(227, 7, NULL, 'Login', 'User fadlan berhasil login', '2026-01-31 16:46:19'),
(228, 7, NULL, 'Logout', 'User fadlan berhasil logout', '2026-01-31 16:46:36'),
(229, 7, NULL, 'Login', 'User fadlan berhasil login', '2026-01-31 16:47:09'),
(230, 7, NULL, 'Login', 'User fadlan berhasil login', '2026-01-31 16:47:10'),
(231, 7, NULL, 'Logout', 'User fadlan berhasil logout', '2026-01-31 16:54:30'),
(232, 1, NULL, 'Login', 'User Admin berhasil login', '2026-01-31 16:54:35'),
(233, 1, NULL, 'Login', 'User Admin berhasil login', '2026-01-31 16:55:19'),
(234, 1, NULL, 'Logout', 'User Admin berhasil logout', '2026-01-31 17:07:47'),
(235, 7, NULL, 'Login', 'User fadlan berhasil login', '2026-01-31 17:07:52'),
(236, 7, NULL, 'Logout', 'User fadlan berhasil logout', '2026-01-31 19:05:06'),
(237, 1, NULL, 'Login', 'User Admin berhasil login', '2026-01-31 19:05:12'),
(238, 1, NULL, 'Tambah Data', 'Gudang #Gudang Utama ditambahkan', '2026-01-31 19:38:08'),
(239, 1, NULL, 'Tambah Data', 'Gudang #Gudang Utama Timur ditambahkan', '2026-01-31 19:38:43'),
(240, 1, NULL, 'Tambah Data', 'Gudang #Gudang Utama Barat ditambahkan', '2026-01-31 19:39:27'),
(241, 1, NULL, 'Logout', 'User Admin berhasil logout', '2026-02-01 01:35:03'),
(242, 7, NULL, 'Login', 'User fadlan berhasil login', '2026-02-01 01:35:13'),
(243, 7, NULL, 'Logout', 'User fadlan berhasil logout', '2026-02-01 01:38:42'),
(246, 1, NULL, 'Login', 'User Admin berhasil login', '2026-02-01 01:39:20'),
(247, 7, NULL, 'Login', 'User fadlan berhasil login', '2026-02-01 02:55:21'),
(248, 7, NULL, 'Login', 'User fadlan berhasil login', '2026-02-01 05:44:01'),
(249, 7, NULL, 'Login', 'User fadlan berhasil login', '2026-02-01 05:45:10'),
(250, 1, NULL, 'Login', 'User Admin berhasil login', '2026-02-01 06:19:24'),
(251, 1, NULL, 'Logout', 'User Admin berhasil logout', '2026-02-01 06:20:04'),
(252, 7, NULL, 'Login', 'User fadlan berhasil login', '2026-02-01 06:20:10'),
(253, 7, NULL, 'Kurir scan IN di gudang ID 5', '', '2026-02-01 06:20:13'),
(254, 1, NULL, 'Login', 'User Admin berhasil login', '2026-02-01 06:20:37'),
(255, 1, NULL, 'Logout', 'User Admin berhasil logout', '2026-02-01 06:29:46'),
(256, 7, NULL, 'Login', 'User fadlan berhasil login', '2026-02-01 06:29:51'),
(257, 7, NULL, 'Kurir scan OUT di gudang ID 5', '', '2026-02-01 06:30:09'),
(258, 7, NULL, 'Logout', 'User fadlan berhasil logout', '2026-02-01 06:30:16'),
(259, 1, NULL, 'Login', 'User Admin berhasil login', '2026-02-01 06:30:20'),
(260, 1, NULL, 'Logout', 'User Admin berhasil logout', '2026-02-01 06:33:19'),
(261, 7, NULL, 'Login', 'User fadlan berhasil login', '2026-02-01 06:33:24'),
(262, 7, NULL, 'Kurir scan IN di gudang ID 6', '', '2026-02-01 06:33:41'),
(263, 7, NULL, 'Logout', 'User fadlan berhasil logout', '2026-02-01 06:33:50'),
(264, 1, NULL, 'Login', 'User Admin berhasil login', '2026-02-01 06:33:55'),
(265, 1, NULL, 'Login', 'User Admin berhasil login', '2026-02-02 12:06:52'),
(266, 1, NULL, 'Login', 'User Admin berhasil login', '2026-02-02 12:09:12'),
(267, 1, NULL, 'Login', 'User Admin berhasil login', '2026-02-02 12:14:44'),
(268, 1, NULL, 'Logout', 'User Admin berhasil logout', '2026-02-02 12:53:43'),
(269, 7, NULL, 'Login', 'User fadlan berhasil login', '2026-02-02 12:53:49'),
(270, 7, NULL, 'Kurir scan IN di gudang ID 5', '', '2026-02-02 12:57:14'),
(271, 7, NULL, 'Logout', 'User fadlan berhasil logout', '2026-02-02 12:57:23'),
(272, 1, NULL, 'Login', 'User Admin berhasil login', '2026-02-02 12:57:29'),
(273, 1, NULL, 'Logout', 'User Admin berhasil logout', '2026-02-02 13:02:05'),
(274, 7, NULL, 'Login', 'User fadlan berhasil login', '2026-02-02 13:02:18'),
(275, 7, NULL, 'Login', 'User fadlan berhasil login', '2026-02-02 13:03:51'),
(276, 7, NULL, 'Kurir masuk gudang - Gudang ID 5', '', '2026-02-02 13:04:03'),
(277, 7, NULL, 'Kurir masuk gudang - Gudang ID 5', '', '2026-02-02 13:05:38'),
(278, 7, NULL, 'Logout', 'User fadlan berhasil logout', '2026-02-02 13:05:43'),
(279, 1, NULL, 'Login', 'User Admin berhasil login', '2026-02-02 13:05:49'),
(280, 1, NULL, 'Logout', 'User Admin berhasil logout', '2026-02-02 13:11:22'),
(281, 7, NULL, 'Login', 'User fadlan berhasil login', '2026-02-02 13:11:26'),
(282, 7, NULL, 'Login', 'User fadlan berhasil login', '2026-02-02 13:14:20'),
(283, 1, NULL, 'Login', 'User Admin berhasil login', '2026-02-02 13:15:34'),
(284, 1, NULL, 'Login', 'User Admin berhasil login', '2026-02-02 13:15:36'),
(285, 1, NULL, 'Logout', 'User Admin berhasil logout', '2026-02-02 13:18:28'),
(286, 7, NULL, 'Login', 'User fadlan berhasil login', '2026-02-02 13:18:32'),
(287, 7, NULL, 'Logout', 'User fadlan berhasil logout', '2026-02-02 13:29:56'),
(290, 7, NULL, 'Login', 'User fadlan berhasil login', '2026-02-02 13:33:32'),
(291, 7, NULL, 'Login', 'User fadlan berhasil login', '2026-02-02 13:34:57'),
(292, 7, NULL, 'Login', 'User fadlan berhasil login', '2026-02-02 14:40:04'),
(293, 7, NULL, 'Login', 'User fadlan berhasil login', '2026-02-02 14:40:05'),
(294, 7, NULL, 'Login', 'User fadlan berhasil login', '2026-02-02 14:40:05'),
(295, 7, NULL, 'Login', 'User fadlan berhasil login', '2026-02-02 14:40:05'),
(296, 7, NULL, 'Login', 'User fadlan berhasil login', '2026-02-02 14:40:06'),
(297, 7, NULL, 'Login', 'User fadlan berhasil login', '2026-02-02 14:40:06'),
(298, 7, NULL, 'Login', 'User fadlan berhasil login', '2026-02-02 14:40:06'),
(299, 7, NULL, 'Login', 'User fadlan berhasil login', '2026-02-02 14:40:06'),
(300, 7, NULL, 'Login', 'User fadlan berhasil login', '2026-02-02 14:40:06'),
(301, 7, NULL, 'Logout', 'User fadlan berhasil logout', '2026-02-02 14:44:20'),
(302, 1, NULL, 'Login', 'User Admin berhasil login', '2026-02-02 14:44:25'),
(303, 1, NULL, 'Logout', 'User Admin berhasil logout', '2026-02-02 14:47:42'),
(304, 7, NULL, 'Login', 'User fadlan berhasil login', '2026-02-02 14:47:47'),
(305, 7, NULL, 'Login', 'User fadlan berhasil login', '2026-02-02 14:47:48'),
(306, 7, NULL, 'Login', 'User fadlan berhasil login', '2026-02-02 14:47:48'),
(307, 7, NULL, 'Scan IN | AE-1770043657 → ARRIVED_AT_ORIGIN_HUB', '', '2026-02-02 14:48:11'),
(308, 7, NULL, 'Logout', 'User fadlan berhasil logout', '2026-02-02 14:48:24'),
(309, 1, NULL, 'Login', 'User Admin berhasil login', '2026-02-02 14:48:29'),
(310, 1, NULL, 'Logout', 'User Admin berhasil logout', '2026-02-02 14:48:43'),
(311, 7, NULL, 'Login', 'User fadlan berhasil login', '2026-02-02 14:48:48'),
(312, 7, NULL, 'Scan OUT | AE-1770043657 → IN_TRANSIT', '', '2026-02-02 14:48:50'),
(313, 7, NULL, 'Scan OUT | AE-1770043657 → OUT_FOR_DELIVERY', '', '2026-02-02 14:48:56'),
(314, 7, NULL, 'Logout', 'User fadlan berhasil logout', '2026-02-02 14:48:59'),
(315, 1, NULL, 'Login', 'User Admin berhasil login', '2026-02-02 14:49:08'),
(316, 1, NULL, 'Login', 'User Admin berhasil login', '2026-02-02 14:51:37'),
(317, 1, NULL, 'Tambah Data', 'Gudang #Gudang Utama ditambahkan', '2026-02-02 15:15:14'),
(318, 1, NULL, 'Tambah Data', 'Gudang #Gudang Utama Timur ditambahkan', '2026-02-02 15:15:30'),
(319, 1, NULL, 'Tambah Data', 'Gudang #Gudang Utama Barat ditambahkan', '2026-02-02 15:15:40'),
(320, 1, NULL, 'Tambah Data', 'Gudang #Gudang Utama Barat ditambahkan', '2026-02-02 15:20:59'),
(321, 1, NULL, 'Logout', 'User Admin berhasil logout', '2026-02-02 15:30:06'),
(322, 7, NULL, 'Login', 'User fadlan berhasil login', '2026-02-02 15:30:10'),
(323, 7, NULL, 'Login', 'User fadlan berhasil login', '2026-02-02 15:41:01'),
(324, 7, NULL, 'Logout', 'User fadlan berhasil logout', '2026-02-02 15:49:09'),
(325, 1, NULL, 'Login', 'User Admin berhasil login', '2026-02-02 15:49:15'),
(326, 1, NULL, 'Logout', 'User Admin berhasil logout', '2026-02-02 15:52:04'),
(327, 7, NULL, 'Login', 'User fadlan berhasil login', '2026-02-02 15:52:21'),
(328, 7, NULL, 'Logout', 'User fadlan berhasil logout', '2026-02-02 15:53:39'),
(329, 1, NULL, 'Login', 'User Admin berhasil login', '2026-02-02 15:53:44'),
(330, 1, NULL, 'Logout', 'User Admin berhasil logout', '2026-02-02 15:54:37'),
(342, 1, NULL, 'Login', 'User Admin berhasil login', '2026-02-02 15:55:20'),
(343, 1, NULL, 'Logout', 'User Admin berhasil logout', '2026-02-02 15:59:06'),
(344, 7, NULL, 'Login', 'User fadlan berhasil login', '2026-02-02 15:59:10'),
(345, 7, NULL, 'Scan IN | AE-1770047936 → ARRIVED_AT_ORIGIN_HUB', '', '2026-02-02 16:00:42'),
(346, 7, NULL, 'Scan IN | AE-1770047936 → ARRIVED_AT_ORIGIN_HUB', '', '2026-02-02 16:00:42'),
(347, 7, NULL, 'Scan IN | AE-1770047936 → ARRIVED_AT_ORIGIN_HUB', '', '2026-02-02 16:00:42'),
(348, 7, NULL, 'Scan IN | AE-1770047936 → ARRIVED_AT_ORIGIN_HUB', '', '2026-02-02 16:00:42'),
(349, 7, NULL, 'Scan IN | AE-1770047936 → ARRIVED_AT_ORIGIN_HUB', '', '2026-02-02 16:00:42'),
(350, 7, NULL, 'Scan IN | AE-1770047936 → ARRIVED_AT_ORIGIN_HUB', '', '2026-02-02 16:05:04'),
(351, 7, NULL, 'Logout', 'User fadlan berhasil logout', '2026-02-02 16:05:17'),
(352, 1, NULL, 'Login', 'User Admin berhasil login', '2026-02-02 16:05:22'),
(353, 1, NULL, 'Logout', 'User Admin berhasil logout', '2026-02-02 16:27:00'),
(354, 7, NULL, 'Login', 'User fadlan berhasil login', '2026-02-02 16:27:05'),
(355, 7, NULL, 'Login', 'User fadlan berhasil login', '2026-02-02 16:39:03'),
(356, 7, NULL, 'Scan IN | AE-1770049610 → PICKED_UP', '', '2026-02-02 16:44:38'),
(357, 7, NULL, 'Logout', 'User fadlan berhasil logout', '2026-02-02 16:45:55'),
(358, 1, NULL, 'Login', 'User Admin berhasil login', '2026-02-02 16:45:59'),
(359, 1, NULL, 'Logout', 'User Admin berhasil logout', '2026-02-02 16:58:48'),
(360, 7, NULL, 'Login', 'User fadlan berhasil login', '2026-02-02 16:58:52'),
(361, 7, NULL, 'Scan OUT | AE-1770049610 → IN_TRANSIT', '', '2026-02-02 16:59:09'),
(362, 7, NULL, 'Logout', 'User fadlan berhasil logout', '2026-02-02 16:59:15'),
(363, 1, NULL, 'Login', 'User Admin berhasil login', '2026-02-02 16:59:25'),
(364, 1, NULL, 'Login', 'User Admin berhasil login', '2026-02-02 16:59:25'),
(365, 1, NULL, 'Logout', 'User Admin berhasil logout', '2026-02-02 17:08:37'),
(366, 7, NULL, 'Login', 'User fadlan berhasil login', '2026-02-02 17:08:41'),
(367, 7, NULL, 'Scan IN | AE-1770049610 → ARRIVED_AT_DEST_HUB', '', '2026-02-02 17:08:53'),
(368, 7, NULL, 'Logout', 'User fadlan berhasil logout', '2026-02-02 17:09:02'),
(369, 1, NULL, 'Login', 'User Admin berhasil login', '2026-02-02 17:09:07'),
(370, 1, NULL, 'Login', 'User Admin berhasil login', '2026-02-03 12:28:52'),
(371, 1, NULL, 'Tambah Data', 'Gudang #Gudang Utama Barat ditambahkan', '2026-02-03 12:33:09'),
(372, 7, NULL, 'Login', 'User fadlan berhasil login', '2026-02-03 12:44:10'),
(373, 1, NULL, 'Login', 'User Admin berhasil login', '2026-02-03 12:44:35'),
(374, 1, NULL, 'Logout', 'User Admin berhasil logout', '2026-02-03 12:53:08'),
(375, 7, NULL, 'Login', 'User fadlan berhasil login', '2026-02-03 12:53:13'),
(376, 7, NULL, 'Scan IN | AE-1770053374 → PICKED_UP', '', '2026-02-03 12:54:29'),
(377, 7, NULL, 'Scan IN | AE-1770053374 → PICKED_UP', '', '2026-02-03 12:54:29'),
(378, 7, NULL, 'Scan IN | AE-1770053374 → PICKED_UP', '', '2026-02-03 12:54:29'),
(379, 7, NULL, 'Scan OUT | AE-1770053374 → IN_TRANSIT', '', '2026-02-03 12:54:47'),
(380, 7, NULL, 'Logout', 'User fadlan berhasil logout', '2026-02-03 12:54:55'),
(381, 1, NULL, 'Login', 'User Admin berhasil login', '2026-02-03 12:55:01'),
(382, 1, NULL, 'Logout', 'User Admin berhasil logout', '2026-02-03 13:06:10'),
(383, 7, NULL, 'Login', 'User fadlan berhasil login', '2026-02-03 13:06:14'),
(384, 7, NULL, 'Scan IN | AE-1770123875 → PICKED_UP', '', '2026-02-03 13:06:47'),
(385, 7, NULL, 'Scan OUT | AE-1770123875 → IN_TRANSIT', '', '2026-02-03 13:07:00'),
(386, 7, NULL, 'Scan IN | AE-1770123875 → ARRIVED_AT_DEST_HUB', '', '2026-02-03 13:07:13'),
(387, 7, NULL, 'Logout', 'User fadlan berhasil logout', '2026-02-03 13:07:16'),
(388, 1, NULL, 'Login', 'User Admin berhasil login', '2026-02-03 13:07:20'),
(389, 1, NULL, 'Login', 'User Admin berhasil login', '2026-02-03 15:08:50'),
(390, 1, NULL, 'Logout', 'User Admin berhasil logout', '2026-02-03 15:15:46'),
(391, 7, NULL, 'Login', 'User fadlan berhasil login', '2026-02-03 15:15:54'),
(392, 7, NULL, 'Scan IN | AE-1770131359 → PICKED_UP', '', '2026-02-03 15:17:14'),
(393, 7, NULL, 'Logout', 'User fadlan berhasil logout', '2026-02-03 15:17:20'),
(394, 1, NULL, 'Login', 'User Admin berhasil login', '2026-02-03 15:17:25'),
(395, 1, NULL, 'Logout', 'User Admin berhasil logout', '2026-02-03 15:17:47'),
(396, 7, NULL, 'Login', 'User fadlan berhasil login', '2026-02-03 15:17:52'),
(397, 7, NULL, 'Scan OUT | AE-1770131359 → IN_TRANSIT', '', '2026-02-03 15:18:01'),
(398, 7, NULL, 'Logout', 'User fadlan berhasil logout', '2026-02-03 15:18:05'),
(399, 1, NULL, 'Login', 'User Admin berhasil login', '2026-02-03 15:18:09'),
(400, 1, NULL, 'Logout', 'User Admin berhasil logout', '2026-02-03 15:28:21'),
(401, 7, NULL, 'Login', 'User fadlan berhasil login', '2026-02-03 15:28:25'),
(402, 7, NULL, 'Scan IN | AE-1770132486 → PICKED_UP', '', '2026-02-03 15:28:30'),
(403, 7, NULL, 'Scan OUT | AE-1770132486 → IN_TRANSIT', '', '2026-02-03 15:29:50'),
(404, 7, NULL, 'Scan IN | AE-1770132783 → PICKED_UP', '', '2026-02-03 15:36:35'),
(405, 7, NULL, 'Scan OUT | AE-1770132783 → IN_TRANSIT', '', '2026-02-03 15:36:46'),
(406, 7, NULL, 'Scan IN | AE-1770132783 → ARRIVED_AT_DEST_HUB', '', '2026-02-03 15:37:18'),
(407, 7, NULL, 'Logout', 'User fadlan berhasil logout', '2026-02-03 15:41:39'),
(408, 1, NULL, 'Login', 'User Admin berhasil login', '2026-02-03 15:41:44'),
(409, 1, NULL, 'Logout', 'User Admin berhasil logout', '2026-02-03 15:47:10'),
(410, 7, NULL, 'Login', 'User fadlan berhasil login', '2026-02-03 15:47:14'),
(411, 7, NULL, 'Scan IN | AE-1770133567 → PICKED_UP', '', '2026-02-03 15:47:38'),
(412, 7, NULL, 'Scan OUT | AE-1770133567 → IN_TRANSIT', '', '2026-02-03 15:47:57'),
(413, 7, NULL, 'Scan IN | AE-1770133567 → ARRIVED_AT_DEST_HUB', '', '2026-02-03 15:48:20'),
(414, 7, NULL, 'Scan IN | AE-1770134025 → PICKED_UP', '', '2026-02-03 15:54:03'),
(415, 7, NULL, 'Scan OUT | AE-1770134025 → IN_TRANSIT', '', '2026-02-03 15:54:14'),
(416, 7, NULL, 'Scan IN | AE-1770134025 → ARRIVED_AT_DEST_HUB', '', '2026-02-03 15:54:23'),
(417, 7, NULL, 'Scan IN | AE-1770134385 → PICKED_UP', '', '2026-02-03 16:00:20'),
(418, 7, NULL, 'Scan OUT | AE-1770134385 → IN_TRANSIT', '', '2026-02-03 16:00:39'),
(419, 7, NULL, 'Scan IN | AE-1770134385 → ARRIVED_AT_HUB', '', '2026-02-03 16:00:44'),
(420, 7, NULL, 'Scan IN | AE-1770134640 → PICKED_UP', '', '2026-02-03 16:04:13'),
(421, 7, NULL, 'Scan OUT | AE-1770134640 → IN_TRANSIT', '', '2026-02-03 16:04:23'),
(422, 7, NULL, 'Scan IN | AE-1770134640 → ARRIVED_AT_HUB', '', '2026-02-03 16:04:27'),
(423, 7, NULL, 'Scan IN | AE-1770134944 → PICKED_UP', '', '2026-02-03 16:09:13'),
(424, 7, NULL, 'Scan IN | AE-1770135111 → PICKED_UP', '', '2026-02-03 16:12:11'),
(425, 7, NULL, 'Scan OUT | AE-1770135111 → IN_TRANSIT', '', '2026-02-03 16:12:15'),
(426, 7, NULL, 'Scan IN | AE-1770135111 → ARRIVED_AT_HUB', '', '2026-02-03 16:12:20'),
(427, 7, NULL, 'Scan OUT | AE-1770135111 → IN_TRANSIT', '', '2026-02-03 16:12:29'),
(428, 7, NULL, 'Scan IN | AE-1770135111 → ARRIVED_AT_HUB', '', '2026-02-03 16:12:31'),
(429, 7, NULL, 'Scan IN | AE-1770135282 → PICKED_UP', '', '2026-02-03 16:15:00'),
(430, 7, NULL, 'Scan OUT | AE-1770135282 → IN_TRANSIT', '', '2026-02-03 16:15:10'),
(431, 7, NULL, 'Scan IN | AE-1770135448 → PICKED_UP', '', '2026-02-03 16:17:37'),
(432, 7, NULL, 'Scan OUT | AE-1770135448 → IN_TRANSIT', '', '2026-02-03 16:17:45'),
(433, 7, NULL, 'Logout', 'User fadlan berhasil logout', '2026-02-03 16:21:45'),
(434, 7, NULL, 'Login', 'User fadlan berhasil login', '2026-02-03 16:21:50'),
(435, 7, NULL, 'Scan IN | AE-1770135687 → PICKED_UP', '', '2026-02-03 16:21:55'),
(436, 7, NULL, 'Logout', 'User fadlan berhasil logout', '2026-02-03 16:22:03'),
(437, 1, NULL, 'Login', 'User Admin berhasil login', '2026-02-03 16:23:05'),
(438, 1, NULL, 'Logout', 'User Admin berhasil logout', '2026-02-03 16:23:33'),
(439, 7, NULL, 'Login', 'User fadlan berhasil login', '2026-02-03 16:23:37'),
(440, 7, NULL, 'Scan IN | AE-1770135807 → PICKED_UP', '', '2026-02-03 16:23:40'),
(441, 7, NULL, 'Scan OUT | AE-1770135807 → IN_TRANSIT', '', '2026-02-03 16:23:48'),
(442, 7, NULL, 'Logout', 'User fadlan berhasil logout', '2026-02-03 16:28:17'),
(443, 7, NULL, 'Login', 'User fadlan berhasil login', '2026-02-03 16:28:29'),
(444, 7, NULL, 'Logout', 'User fadlan berhasil logout', '2026-02-03 16:30:20'),
(445, 1, NULL, 'Login', 'User Admin berhasil login', '2026-02-03 16:30:27'),
(446, 1, NULL, 'Logout', 'User Admin berhasil logout', '2026-02-03 16:31:03'),
(447, 7, NULL, 'Login', 'User fadlan berhasil login', '2026-02-03 16:31:07'),
(448, 7, NULL, 'Scan IN | AE-1770136252 → PICKED_UP', '', '2026-02-03 16:31:12'),
(449, 7, NULL, 'Login', 'User fadlan berhasil login', '2026-02-03 16:46:01'),
(450, 1, NULL, 'Login', 'User Admin berhasil login', '2026-02-03 16:47:01'),
(451, 1, NULL, 'Logout', 'User Admin berhasil logout', '2026-02-03 16:47:29'),
(452, 7, NULL, 'Login', 'User fadlan berhasil login', '2026-02-03 16:47:33'),
(453, 7, NULL, 'Scan IN | AE-1770137244 → PICKED_UP', '', '2026-02-03 16:54:47'),
(454, 7, NULL, 'Scan OUT | AE-1770137244 → IN_TRANSIT', '', '2026-02-03 16:55:01'),
(455, 7, NULL, 'Scan IN | AE-1770137244 → ARRIVED_AT_HUB', '', '2026-02-03 16:58:54'),
(456, 7, NULL, 'Logout', 'User fadlan berhasil logout', '2026-02-03 17:03:16'),
(457, 1, NULL, 'Login', 'User Admin berhasil login', '2026-02-03 17:03:21'),
(458, 1, NULL, 'Logout', 'User Admin berhasil logout', '2026-02-03 17:03:56'),
(459, 7, NULL, 'Login', 'User fadlan berhasil login', '2026-02-03 17:04:00'),
(460, 7, NULL, 'Scan IN | AE-1770138230 → PICKED_UP', '', '2026-02-03 17:04:06'),
(461, 7, NULL, 'Logout', 'User fadlan berhasil logout', '2026-02-03 17:04:19'),
(462, 1, NULL, 'Login', 'User Admin berhasil login', '2026-02-03 17:04:24'),
(463, 1, NULL, 'Logout', 'User Admin berhasil logout', '2026-02-03 17:04:37'),
(464, 7, NULL, 'Login', 'User fadlan berhasil login', '2026-02-03 17:04:41'),
(465, 7, NULL, 'Logout', 'User fadlan berhasil logout', '2026-02-03 17:09:06'),
(466, 7, NULL, 'Login', 'User fadlan berhasil login', '2026-02-03 17:09:11'),
(467, 7, NULL, 'Logout', 'User fadlan berhasil logout', '2026-02-03 17:15:52'),
(468, 1, NULL, 'Login', 'User Admin berhasil login', '2026-02-03 17:15:57'),
(469, 1, NULL, 'Logout', 'User Admin berhasil logout', '2026-02-03 17:16:38'),
(470, 7, NULL, 'Login', 'User fadlan berhasil login', '2026-02-03 17:16:43'),
(471, 7, NULL, 'Scan IN | AE-1770138993 → PICKED_UP', '', '2026-02-03 17:16:50'),
(472, 7, NULL, 'Scan OUT | AE-1770138993 → IN_TRANSIT', '', '2026-02-03 17:21:12'),
(473, 7, NULL, 'Scan IN | AE-1770138993 → ARRIVED_AT_DEST_HUB', '', '2026-02-03 17:21:40'),
(474, 7, NULL, 'Logout', 'User fadlan berhasil logout', '2026-02-03 17:21:46'),
(475, 1, NULL, 'Login', 'User Admin berhasil login', '2026-02-03 17:22:00'),
(476, 1, NULL, 'Login', 'User Admin berhasil login', '2026-02-04 09:49:53'),
(477, 1, NULL, 'Tambah Data', 'Gudang #Gudang Kedua ditambahkan', '2026-02-04 10:50:22'),
(478, 1, NULL, 'Logout', 'User Admin berhasil logout', '2026-02-04 11:11:42'),
(479, 7, NULL, 'Login', 'User fadlan berhasil login', '2026-02-04 11:11:48'),
(480, 7, NULL, 'Logout', 'User fadlan berhasil logout', '2026-02-04 11:11:58'),
(481, 1, NULL, 'Login', 'User Admin berhasil login', '2026-02-04 11:12:03'),
(482, 1, NULL, 'Logout', 'User Admin berhasil logout', '2026-02-04 11:14:09'),
(483, 1, NULL, 'Login', 'User Admin berhasil login', '2026-02-04 11:14:17'),
(484, 1, NULL, 'Logout', 'User Admin berhasil logout', '2026-02-04 11:15:26'),
(485, 1, NULL, 'Login', 'User Admin berhasil login', '2026-02-04 11:16:02'),
(486, 1, NULL, 'Login', 'User Admin berhasil login', '2026-02-05 09:30:27'),
(487, 1, NULL, 'Tambah Data', 'Gudang #Gudang Utama ditambahkan', '2026-02-05 10:08:02'),
(488, 1, NULL, 'Tambah Data', 'Gudang #Gudang Utama Barat ditambahkan', '2026-02-05 10:10:52'),
(489, 1, NULL, 'Tambah Data', 'Gudang #Gudang Utama Timur ditambahkan', '2026-02-05 10:11:37'),
(490, 1, NULL, 'Login', 'User Admin berhasil login', '2026-02-05 10:26:22'),
(491, 1, NULL, 'Login', 'User Admin berhasil login', '2026-02-06 06:12:29'),
(492, 1, NULL, 'Logout', 'User Admin berhasil logout', '2026-02-06 06:58:03'),
(500, 1, NULL, 'Login', 'User Admin berhasil login', '2026-02-06 07:17:25'),
(501, 1, NULL, 'Logout', 'User Admin berhasil logout', '2026-02-06 07:19:13'),
(504, 1, NULL, 'Login', 'User Admin berhasil login', '2026-02-06 07:39:41'),
(505, 1, NULL, 'Logout', 'User Admin berhasil logout', '2026-02-06 07:41:41'),
(506, 7, NULL, 'Login', 'User fadlan berhasil login', '2026-02-06 07:41:46'),
(507, 7, NULL, 'Logout', 'User fadlan berhasil logout', '2026-02-06 07:41:48'),
(509, 1, NULL, 'Login', 'User Admin berhasil login', '2026-02-06 14:15:33'),
(510, 1, NULL, 'Logout', 'User Admin berhasil logout', '2026-02-06 14:54:53'),
(513, 1, NULL, 'Login', 'User Admin berhasil login', '2026-02-06 14:56:47'),
(514, 1, NULL, 'Login', 'User Admin berhasil login', '2026-02-06 14:58:13'),
(515, 1, NULL, 'Hapus shipment ID 44', '', '2026-02-06 15:19:45'),
(516, 1, NULL, 'Logout', 'User Admin berhasil logout', '2026-02-06 15:25:32'),
(522, 7, NULL, 'Login', 'User fadlan berhasil login', '2026-02-06 16:06:38'),
(523, 7, NULL, 'Logout', 'User fadlan berhasil logout', '2026-02-06 16:06:44'),
(526, 1, NULL, 'Login', 'User Admin berhasil login', '2026-02-06 16:10:29'),
(527, 1, NULL, 'Hapus shipment ID 45', '', '2026-02-06 16:25:47'),
(528, 1, NULL, 'Login', 'User Admin berhasil login', '2026-02-07 01:54:56'),
(529, 1, NULL, 'Logout', 'User Admin berhasil logout', '2026-02-07 01:55:13'),
(533, 1, NULL, 'Login', 'User Admin berhasil login', '2026-02-08 16:40:23'),
(534, 1, NULL, 'Login', 'User Admin berhasil login', '2026-02-08 16:50:45'),
(535, 1, NULL, 'Logout', 'User Admin berhasil logout', '2026-02-08 16:53:01'),
(541, 1, NULL, 'Login', 'User Admin berhasil login', '2026-02-08 17:33:09'),
(542, 1, NULL, 'Logout', 'User Admin berhasil logout', '2026-02-08 17:33:29'),
(545, 1, NULL, 'Login', 'User Admin berhasil login', '2026-02-08 17:34:51'),
(546, 1, NULL, 'Logout', 'User Admin berhasil logout', '2026-02-08 17:36:55'),
(551, 1, NULL, 'Login', 'User Admin berhasil login', '2026-02-08 17:41:29'),
(552, 1, NULL, 'Logout', 'User Admin berhasil logout', '2026-02-08 17:42:56'),
(556, 1, NULL, 'Login', 'User Admin berhasil login', '2026-02-08 17:43:24'),
(557, 1, NULL, 'Logout', 'User Admin berhasil logout', '2026-02-08 17:44:13'),
(562, 1, NULL, 'Login', 'User Admin berhasil login', '2026-02-08 17:45:11'),
(563, 1, NULL, 'Logout', 'User Admin berhasil logout', '2026-02-08 17:45:56'),
(565, 1, NULL, 'Login', 'User Admin berhasil login', '2026-02-08 17:53:57'),
(566, 1, NULL, 'Logout', 'User Admin berhasil logout', '2026-02-08 18:24:43'),
(572, 1, NULL, 'Login', 'User Admin berhasil login', '2026-02-08 18:25:44'),
(573, 1, NULL, 'Logout', 'User Admin berhasil logout', '2026-02-08 18:26:21'),
(577, 1, NULL, 'Login', 'User Admin berhasil login', '2026-02-08 18:26:44'),
(578, 1, NULL, 'Logout', 'User Admin berhasil logout', '2026-02-08 18:26:52'),
(582, 1, NULL, 'Login', 'User Admin berhasil login', '2026-02-08 18:27:21'),
(583, 1, NULL, 'Logout', 'User Admin berhasil logout', '2026-02-08 18:27:57'),
(587, 1, NULL, 'Login', 'User Admin berhasil login', '2026-02-08 18:28:46'),
(588, 1, NULL, 'Login', 'User Admin berhasil login', '2026-02-09 03:41:25'),
(589, 1, NULL, 'Login', 'User Admin berhasil login', '2026-02-09 03:41:37'),
(590, 1, NULL, 'Logout', 'User Admin berhasil logout', '2026-02-09 03:58:01'),
(591, 1, NULL, 'Login', 'User Admin berhasil login', '2026-02-09 04:25:45'),
(592, 1, NULL, 'Logout', 'User Admin berhasil logout', '2026-02-09 04:34:45'),
(593, 1, NULL, 'Login', 'User Admin berhasil login', '2026-02-09 16:15:39'),
(594, 1, NULL, 'Logout', 'User Admin berhasil logout', '2026-02-09 16:20:33'),
(595, 1, NULL, 'Login', 'User Admin berhasil login', '2026-02-09 16:21:26'),
(596, 1, NULL, 'Logout', 'User Admin berhasil logout', '2026-02-09 16:21:40'),
(597, 8, NULL, 'Login', 'User Alif berhasil login', '2026-02-09 16:21:45'),
(598, 1, NULL, 'Login', 'User Admin berhasil login', '2026-02-09 16:29:38'),
(599, 1, NULL, 'Logout', 'User Admin berhasil logout', '2026-02-09 16:57:28'),
(600, 8, NULL, 'Login', 'User Alif berhasil login', '2026-02-09 16:57:35'),
(601, 8, NULL, 'Logout', 'User Alif berhasil logout', '2026-02-09 17:01:22'),
(602, 1, NULL, 'Login', 'User Admin berhasil login', '2026-02-09 17:01:28'),
(603, 1, NULL, 'Logout', 'User Admin berhasil logout', '2026-02-09 17:05:21'),
(607, 1, NULL, 'Login', 'User Admin berhasil login', '2026-02-09 17:06:09'),
(608, 1, NULL, 'Logout', 'User Admin berhasil logout', '2026-02-09 17:09:38'),
(612, 1, NULL, 'Login', 'User Admin berhasil login', '2026-02-09 17:09:59'),
(613, 1, NULL, 'Logout', 'User Admin berhasil logout', '2026-02-09 17:10:14'),
(618, 1, NULL, 'Login', 'User Admin berhasil login', '2026-02-09 17:10:47'),
(619, 1, NULL, 'Logout', 'User Admin berhasil logout', '2026-02-09 17:11:10'),
(622, 1, NULL, 'Login', 'User Admin berhasil login', '2026-02-09 17:12:03'),
(623, 1, NULL, 'Logout', 'User Admin berhasil logout', '2026-02-09 17:12:23'),
(628, 1, NULL, 'Login', 'User Admin berhasil login', '2026-02-09 17:17:51'),
(629, 1, NULL, 'Logout', 'User Admin berhasil logout', '2026-02-09 17:21:59'),
(634, 1, NULL, 'Login', 'User Admin berhasil login', '2026-02-09 17:25:24'),
(635, 1, NULL, 'Logout', 'User Admin berhasil logout', '2026-02-09 17:26:30'),
(640, 1, NULL, 'Login', 'User Admin berhasil login', '2026-02-09 17:26:54'),
(641, 1, NULL, 'Logout', 'User Admin berhasil logout', '2026-02-09 17:27:41'),
(646, 1, NULL, 'Login', 'User Admin berhasil login', '2026-02-09 17:28:15'),
(647, 1, NULL, 'Logout', 'User Admin berhasil logout', '2026-02-09 17:28:26'),
(650, 1, NULL, 'Login', 'User Admin berhasil login', '2026-02-09 17:29:02'),
(651, 1, NULL, 'Logout', 'User Admin berhasil logout', '2026-02-09 17:29:17'),
(652, 8, NULL, 'Login', 'User Alif berhasil login', '2026-02-09 17:29:23'),
(653, 8, NULL, 'Logout', 'User Alif berhasil logout', '2026-02-09 17:33:27'),
(657, 1, NULL, 'Login', 'User Admin berhasil login', '2026-02-09 17:33:39'),
(658, 1, NULL, 'Logout', 'User Admin berhasil logout', '2026-02-09 17:41:45'),
(662, 1, NULL, 'Login', 'User Admin berhasil login', '2026-02-09 17:42:53'),
(663, 1, NULL, 'Logout', 'User Admin berhasil logout', '2026-02-09 17:43:12'),
(668, 1, NULL, 'Login', 'User Admin berhasil login', '2026-02-09 17:44:51'),
(669, 1, NULL, 'Logout', 'User Admin berhasil logout', '2026-02-09 17:45:01'),
(670, 8, NULL, 'Login', 'User Alif berhasil login', '2026-02-09 17:45:06'),
(671, 8, NULL, 'Logout', 'User Alif berhasil logout', '2026-02-09 17:45:23'),
(672, 8, NULL, 'Logout', 'User Alif berhasil logout', '2026-02-09 17:45:23'),
(673, 1, NULL, 'Login', 'User Admin berhasil login', '2026-02-09 17:45:27'),
(674, 1, NULL, 'Logout', 'User Admin berhasil logout', '2026-02-09 17:46:03'),
(675, 8, NULL, 'Login', 'User Alif berhasil login', '2026-02-09 17:46:08'),
(677, 8, NULL, 'Logout', 'User Alif berhasil logout', '2026-02-09 17:50:56'),
(678, 1, NULL, 'Login', 'User Admin berhasil login', '2026-02-09 17:51:16'),
(679, 1, NULL, 'Logout', 'User Admin berhasil logout', '2026-02-09 17:53:59'),
(682, 7, NULL, 'Login', 'User fadlan berhasil login', '2026-02-09 17:54:24'),
(683, 7, NULL, 'Logout', 'User fadlan berhasil logout', '2026-02-09 17:58:57'),
(687, 1, NULL, 'Login', 'User Admin berhasil login', '2026-02-09 18:01:52'),
(688, 1, NULL, 'Logout', 'User Admin berhasil logout', '2026-02-09 18:13:59'),
(689, 8, NULL, 'Login', 'User Alif berhasil login', '2026-02-09 18:14:05'),
(690, 8, NULL, 'Logout', 'User Alif berhasil logout', '2026-02-09 18:19:17'),
(691, 1, NULL, 'Login', 'User Admin berhasil login', '2026-02-09 18:19:22'),
(692, 1, NULL, 'Logout', 'User Admin berhasil logout', '2026-02-09 18:19:29'),
(693, 8, NULL, 'Login', 'User Alif berhasil login', '2026-02-09 18:19:34'),
(694, 8, NULL, 'Logout', 'User Alif berhasil logout', '2026-02-09 18:23:06'),
(695, 1, NULL, 'Login', 'User Admin berhasil login', '2026-02-09 18:23:11'),
(696, 1, NULL, 'Logout', 'User Admin berhasil logout', '2026-02-09 18:25:45'),
(702, 1, NULL, 'Login', 'User Admin berhasil login', '2026-02-09 18:28:59'),
(703, 1, NULL, 'Hapus shipment ID 57', '', '2026-02-09 18:29:48'),
(704, 1, NULL, 'Logout', 'User Admin berhasil logout', '2026-02-09 18:29:56'),
(714, 1, NULL, 'Login', 'User Admin berhasil login', '2026-02-09 18:31:21'),
(715, 1, NULL, 'Logout', 'User Admin berhasil logout', '2026-02-09 18:31:30'),
(719, 8, NULL, 'Login', 'User Alif berhasil login', '2026-02-09 18:31:47'),
(720, 8, NULL, 'Logout', 'User Alif berhasil logout', '2026-02-09 18:32:22'),
(721, 1, NULL, 'Login', 'User Admin berhasil login', '2026-02-09 18:32:27'),
(722, 1, NULL, 'Logout', 'User Admin berhasil logout', '2026-02-09 18:34:04'),
(723, 8, NULL, 'Login', 'User Alif berhasil login', '2026-02-09 18:34:09'),
(724, 8, NULL, 'Logout', 'User Alif berhasil logout', '2026-02-09 18:37:36'),
(725, 1, NULL, 'Login', 'User Admin berhasil login', '2026-02-09 18:42:50'),
(726, 1, NULL, 'Logout', 'User Admin berhasil logout', '2026-02-09 18:42:57'),
(727, 8, NULL, 'Login', 'User Alif berhasil login', '2026-02-09 18:43:02'),
(728, 8, NULL, 'Logout', 'User Alif berhasil logout', '2026-02-09 18:47:04'),
(729, 8, NULL, 'Login', 'User Alif berhasil login', '2026-02-09 18:47:14'),
(730, 8, NULL, 'Logout', 'User Alif berhasil logout', '2026-02-09 18:52:53'),
(731, 8, NULL, 'Logout', 'User Alif berhasil logout', '2026-02-09 18:52:53'),
(732, 8, NULL, 'Login', 'User Alif berhasil login', '2026-02-09 18:52:57'),
(733, 8, NULL, 'Logout', 'User Alif berhasil logout', '2026-02-09 18:53:39'),
(734, 1, NULL, 'Login', 'User Admin berhasil login', '2026-02-09 18:53:50'),
(735, 1, NULL, 'Logout', 'User Admin berhasil logout', '2026-02-09 18:56:35'),
(739, 8, NULL, 'Login', 'User Alif berhasil login', '2026-02-09 18:56:47'),
(740, 8, NULL, 'Login', 'User Alif berhasil login', '2026-02-09 18:56:47'),
(742, 8, NULL, 'Logout', 'User Alif berhasil logout', '2026-02-09 19:01:21'),
(743, 8, NULL, 'Login', 'User Alif berhasil login', '2026-02-09 19:01:43'),
(745, 8, NULL, 'Logout', 'User Alif berhasil logout', '2026-02-09 19:02:03'),
(746, 1, NULL, 'Login', 'User Admin berhasil login', '2026-02-09 19:02:07'),
(747, 1, NULL, 'Login', 'User Admin berhasil login', '2026-02-11 17:39:39'),
(748, 1, NULL, 'Logout', 'User Admin berhasil logout', '2026-02-11 18:06:05'),
(749, 7, NULL, 'Login', 'User fadlan berhasil login', '2026-02-11 18:06:12'),
(750, 7, NULL, 'Logout', 'User fadlan berhasil logout', '2026-02-11 18:21:08'),
(751, 1, NULL, 'Login', 'User Admin berhasil login', '2026-02-11 18:21:16'),
(753, 1, NULL, 'Logout', 'User Admin berhasil logout', '2026-02-11 18:47:25'),
(754, 7, NULL, 'Login', 'User fadlan berhasil login', '2026-02-11 18:47:31'),
(755, 7, NULL, 'Logout', 'User fadlan berhasil logout', '2026-02-11 18:48:17'),
(756, 1, NULL, 'Login', 'User Admin berhasil login', '2026-02-11 18:48:23'),
(757, 1, NULL, 'Logout', 'User Admin berhasil logout', '2026-02-11 18:51:44'),
(758, 7, NULL, 'Login', 'User fadlan berhasil login', '2026-02-11 18:52:04'),
(759, 7, NULL, 'Logout', 'User fadlan berhasil logout', '2026-02-11 23:42:32'),
(760, 1, NULL, 'Login', 'User Admin berhasil login', '2026-02-11 23:42:37'),
(761, 1, NULL, 'Logout', 'User Admin berhasil logout', '2026-02-11 23:44:18'),
(762, 7, NULL, 'Login', 'User fadlan berhasil login', '2026-02-11 23:44:30'),
(764, 7, NULL, 'Logout', 'User fadlan berhasil logout', '2026-02-11 23:53:55'),
(765, 1, NULL, 'Login', 'User Admin berhasil login', '2026-02-11 23:54:01'),
(766, 1, NULL, 'Logout', 'User Admin berhasil logout', '2026-02-12 00:01:55'),
(769, 1, NULL, 'Login', 'User Admin berhasil login', '2026-02-12 00:27:49'),
(770, 1, NULL, 'Logout', 'User Admin berhasil logout', '2026-02-12 03:39:48'),
(771, 1, NULL, 'Login', 'User Admin berhasil login', '2026-02-12 12:05:54'),
(772, 1, NULL, 'Logout', 'User Admin berhasil logout', '2026-02-12 12:06:02'),
(773, 1, NULL, 'Login', 'User Admin berhasil login', '2026-02-12 12:07:20'),
(774, 1, NULL, 'Logout', 'User Admin berhasil logout', '2026-02-12 12:07:23'),
(775, 1, NULL, 'Login', 'User Admin berhasil login', '2026-02-12 12:07:36'),
(776, 1, NULL, 'Logout', 'User Admin berhasil logout', '2026-02-12 12:07:38'),
(777, 1, NULL, 'Login', 'User Admin berhasil login', '2026-02-12 12:08:37'),
(778, 1, NULL, 'Logout', 'User Admin berhasil logout', '2026-02-12 12:09:47'),
(779, 1, NULL, 'Login', 'User Admin berhasil login', '2026-02-12 12:09:54'),
(780, 1, NULL, 'Logout', 'User Admin berhasil logout', '2026-02-12 12:19:46'),
(783, 1, NULL, 'Login', 'User Admin berhasil login', '2026-02-12 12:32:23'),
(784, 1, NULL, 'Hapus shipment ID 59', '', '2026-02-12 12:41:55'),
(785, 1, NULL, 'Logout', 'User Admin berhasil logout', '2026-02-12 12:45:59'),
(786, 10, NULL, 'Login', 'User Fauzan berhasil login', '2026-02-12 12:46:20'),
(787, 10, NULL, 'Logout', 'User Fauzan berhasil logout', '2026-02-12 12:46:37'),
(788, 1, NULL, 'Login', 'User Admin berhasil login', '2026-02-12 12:46:43'),
(789, 1, NULL, 'Logout', 'User Admin berhasil logout', '2026-02-12 12:58:57'),
(790, 1, NULL, 'Login', 'User Admin berhasil login', '2026-02-12 13:51:43'),
(791, 1, NULL, 'Login', 'User Admin berhasil login', '2026-02-12 15:07:47'),
(792, 1, NULL, 'Logout', 'User Admin berhasil logout', '2026-02-12 15:07:57'),
(793, 10, NULL, 'Login', 'User Fauzan berhasil login', '2026-02-12 15:08:10'),
(802, 10, NULL, 'Logout', 'User Fauzan berhasil logout', '2026-02-12 15:19:41'),
(803, 1, NULL, 'Login', 'User Admin berhasil login', '2026-02-12 15:19:46'),
(804, 1, NULL, 'Logout', 'User Admin berhasil logout', '2026-02-12 15:20:03'),
(805, 10, NULL, 'Login', 'User Fauzan berhasil login', '2026-02-12 15:20:11'),
(806, 10, NULL, 'Logout', 'User Fauzan berhasil logout', '2026-02-12 15:26:35'),
(807, 7, NULL, 'Login', 'User fadlan berhasil login', '2026-02-12 15:26:40'),
(808, 7, NULL, 'Logout', 'User fadlan berhasil logout', '2026-02-12 15:26:48'),
(809, 10, NULL, 'Login', 'User Fauzan berhasil login', '2026-02-12 15:27:04'),
(814, 10, NULL, 'Logout', 'User Fauzan berhasil logout', '2026-02-12 15:32:58'),
(815, 10, NULL, 'Login', 'User Fauzan berhasil login', '2026-02-12 15:33:04'),
(820, 10, NULL, 'Logout', 'User Fauzan berhasil logout', '2026-02-12 15:44:58'),
(821, 10, NULL, 'Login', 'User Fauzan berhasil login', '2026-02-12 15:45:06'),
(822, 10, NULL, 'Logout', 'User Fauzan berhasil logout', '2026-02-12 15:46:04'),
(823, 1, NULL, 'Login', 'User Admin berhasil login', '2026-02-12 15:46:09'),
(824, 1, NULL, 'Logout', 'User Admin berhasil logout', '2026-02-12 15:47:40'),
(825, 10, NULL, 'Login', 'User Fauzan berhasil login', '2026-02-12 15:47:45'),
(827, 10, NULL, '📦 Paket telah diserahkan kepada driver | AE-1770900484-702', '', '2026-02-12 15:57:05'),
(828, 10, NULL, '📦 Paket telah diserahkan kepada driver | AE-1770900526-747', '', '2026-02-12 15:57:05'),
(829, 10, NULL, '📦 Paket telah diserahkan kepada driver | AE-1770900673-897', '', '2026-02-12 15:57:05'),
(830, 10, NULL, '📦 Paket telah diserahkan kepada driver | AE-1770900829-805', '', '2026-02-12 15:57:05'),
(831, 10, NULL, '🚚 Paket telah keluar dari gudang asal Gudang Utama Timur | AE-1770900484-702', '', '2026-02-12 15:57:25'),
(832, 10, NULL, '🚚 Paket telah keluar dari gudang asal Gudang Utama Timur | AE-1770900526-747', '', '2026-02-12 15:57:25'),
(833, 10, NULL, '🚚 Paket telah keluar dari gudang asal Gudang Utama Timur | AE-1770900673-897', '', '2026-02-12 15:57:25'),
(834, 10, NULL, '🚚 Paket telah keluar dari gudang asal Gudang Utama Timur | AE-1770900829-805', '', '2026-02-12 15:57:25'),
(835, 10, NULL, 'Logout', 'User Fauzan berhasil logout', '2026-02-12 16:03:14'),
(836, 1, NULL, 'Login', 'User Admin berhasil login', '2026-02-12 16:03:19'),
(837, 1, NULL, 'Logout', 'User Admin berhasil logout', '2026-02-12 16:03:36'),
(838, 10, NULL, 'Login', 'User Fauzan berhasil login', '2026-02-12 16:03:43'),
(845, 10, NULL, 'Logout', 'User Fauzan berhasil logout', '2026-02-12 16:26:42'),
(846, 1, NULL, 'Login', 'User Admin berhasil login', '2026-02-12 16:26:46'),
(847, 1, NULL, 'Logout', 'User Admin berhasil logout', '2026-02-12 16:31:58'),
(848, 10, NULL, 'Login', 'User Fauzan berhasil login', '2026-02-12 16:32:04'),
(853, 10, NULL, '🚛 Paket sedang dalam perjalanan dari Gudang Utama | AE-1770900484-702', '', '2026-02-12 16:43:32'),
(854, 10, NULL, '🚛 Paket sedang dalam perjalanan dari Gudang Utama | AE-1770900526-747', '', '2026-02-12 16:43:32'),
(855, 10, NULL, '🚛 Paket sedang dalam perjalanan dari Gudang Utama | AE-1770900673-897', '', '2026-02-12 16:43:32'),
(856, 10, NULL, '🚛 Paket sedang dalam perjalanan dari Gudang Utama | AE-1770900829-805', '', '2026-02-12 16:43:32'),
(857, 10, NULL, '📦 Paket sedang disortir di hub Gudang Utama | AE-1770900484-702', '', '2026-02-12 16:43:44'),
(858, 10, NULL, '📦 Paket sedang disortir di hub Gudang Utama | AE-1770900526-747', '', '2026-02-12 16:43:44'),
(859, 10, NULL, '📦 Paket sedang disortir di hub Gudang Utama | AE-1770900673-897', '', '2026-02-12 16:43:44'),
(860, 10, NULL, '📦 Paket sedang disortir di hub Gudang Utama | AE-1770900829-805', '', '2026-02-12 16:43:44'),
(861, 10, NULL, 'Logout', 'User Fauzan berhasil logout', '2026-02-12 16:43:52');
INSERT INTO `tbl_activity_logs_azka` (`id_azka`, `user_id_azka`, `shipment_id_azka`, `actions_azka`, `reference_azka`, `created_at_azka`) VALUES
(862, 1, NULL, 'Login', 'User Admin berhasil login', '2026-02-12 16:43:57'),
(863, 1, NULL, 'Logout', 'User Admin berhasil logout', '2026-02-12 16:44:32'),
(864, 10, NULL, 'Login', 'User Fauzan berhasil login', '2026-02-12 16:44:39'),
(865, 10, NULL, 'Logout', 'User Fauzan berhasil logout', '2026-02-12 16:44:58'),
(866, 8, NULL, 'Login', 'User Alif berhasil login', '2026-02-12 16:45:04'),
(867, 8, NULL, 'Logout', 'User Alif berhasil logout', '2026-02-12 16:53:28'),
(868, 1, NULL, 'Login', 'User Admin berhasil login', '2026-02-12 16:53:33'),
(869, 1, NULL, 'Logout', 'User Admin berhasil logout', '2026-02-12 16:53:42'),
(870, 8, NULL, 'Login', 'User Alif berhasil login', '2026-02-12 16:53:51'),
(871, 8, NULL, 'Logout', 'User Alif berhasil logout', '2026-02-12 16:59:06'),
(872, 1, NULL, 'Login', 'User Admin berhasil login', '2026-02-12 16:59:10'),
(873, 1, NULL, 'Logout', 'User Admin berhasil logout', '2026-02-12 17:05:41'),
(874, 8, NULL, 'Login', 'User Alif berhasil login', '2026-02-12 17:05:46'),
(875, 8, NULL, 'Logout', 'User Alif berhasil logout', '2026-02-12 17:25:49'),
(876, 1, NULL, 'Login', 'User Admin berhasil login', '2026-02-12 17:25:54'),
(877, 1, NULL, 'Logout', 'User Admin berhasil logout', '2026-02-12 17:26:43'),
(878, 10, NULL, 'Login', 'User Fauzan berhasil login', '2026-02-12 17:26:56'),
(879, 10, NULL, 'Logout', 'User Fauzan berhasil logout', '2026-02-12 17:26:59'),
(880, 8, NULL, 'Login', 'User Alif berhasil login', '2026-02-12 17:27:04'),
(881, 1, NULL, 'Login', 'User Admin berhasil login', '2026-03-01 12:19:16'),
(882, 1, NULL, 'Shipment 67|CREATED|Shipment dibuat', '', '2026-03-01 12:24:17'),
(883, 1, NULL, 'Shipment 68|CREATED|Shipment dibuat', '', '2026-03-01 12:25:27'),
(884, 1, NULL, 'Shipment 69|CREATED|Shipment dibuat', '', '2026-03-01 12:26:31'),
(890, 1, NULL, 'Shipment 70|CREATED|Shipment dibuat', '', '2026-03-01 12:34:43'),
(892, 1, NULL, 'Shipment 71|CREATED|Shipment dibuat', '', '2026-03-01 12:39:07'),
(893, 1, NULL, 'Shipment 72|CREATED|Shipment dibuat', '', '2026-03-01 12:41:10'),
(897, 1, NULL, 'Shipment 73|CREATED|Shipment dibuat', '', '2026-03-01 12:42:36'),
(898, 1, NULL, 'Shipment 74|CREATED|Shipment dibuat', '', '2026-03-01 12:42:36'),
(900, 1, NULL, 'Shipment 75|CREATED|Shipment dibuat', '', '2026-03-01 12:43:47'),
(902, 1, NULL, 'Shipment 76|CREATED|Shipment dibuat', '', '2026-03-01 12:46:25'),
(904, 1, NULL, 'Shipment 77|CREATED|Shipment dibuat', '', '2026-03-01 12:49:25'),
(905, 1, NULL, 'Shipment 78|CREATED|Shipment dibuat', '', '2026-03-01 12:53:33'),
(906, 1, NULL, 'Shipment 79|CREATED|Shipment dibuat', '', '2026-03-01 12:55:04'),
(907, 1, NULL, 'Shipment 80|CREATED|Shipment dibuat', '', '2026-03-01 12:58:26'),
(908, 1, NULL, 'Shipment 81|CREATED|Shipment dibuat', '', '2026-03-01 12:59:36'),
(909, 1, NULL, 'Shipment 82|CREATED|Shipment dibuat', '', '2026-03-01 13:00:56'),
(910, 1, NULL, 'Shipment 83|CREATED|Shipment dibuat', '', '2026-03-01 13:01:39'),
(911, 1, NULL, 'Shipment 84|CREATED|Shipment dibuat', '', '2026-03-01 13:02:33'),
(912, 1, NULL, 'Shipment 85|CREATED|Shipment dibuat', '', '2026-03-01 13:04:04'),
(913, 1, NULL, 'Shipment 86|CREATED|Shipment dibuat', '', '2026-03-01 13:05:28'),
(914, 1, NULL, 'Shipment 87|CREATED|Shipment dibuat', '', '2026-03-01 13:06:29'),
(915, 1, NULL, 'Shipment 88|CREATED|Shipment dibuat', '', '2026-03-01 13:07:28'),
(916, 1, NULL, 'Shipment 89|CREATED|Shipment dibuat', '', '2026-03-01 13:10:14'),
(918, 1, NULL, 'Shipment 90|CREATED|Shipment dibuat', '', '2026-03-01 13:10:58'),
(919, 1, NULL, 'Shipment 91|CREATED|Shipment dibuat', '', '2026-03-01 13:11:59'),
(920, 1, NULL, 'Shipment 92|CREATED|Shipment dibuat', '', '2026-03-01 13:13:41'),
(922, 1, NULL, 'Shipment 93|CREATED|Shipment dibuat', '', '2026-03-01 13:14:57'),
(923, 1, NULL, 'Shipment 94|CREATED|Shipment dibuat', '', '2026-03-01 13:15:49'),
(924, 1, NULL, 'Shipment 95|CREATED|Shipment dibuat', '', '2026-03-01 13:16:38'),
(925, 1, NULL, 'Shipment 96|CREATED|Shipment dibuat', '', '2026-03-01 13:17:41'),
(926, 1, NULL, 'Shipment 97|CREATED|Shipment dibuat', '', '2026-03-01 13:18:50'),
(927, 1, NULL, 'Logout', 'User Admin berhasil logout', '2026-03-01 13:19:14'),
(928, 1, NULL, 'Login', 'User Admin berhasil login', '2026-03-01 13:19:21'),
(929, 1, NULL, 'Logout', 'User Admin berhasil logout', '2026-03-01 13:23:55'),
(930, 11, NULL, 'Login', 'User Andi Santoso berhasil login', '2026-03-01 13:24:01'),
(931, 11, NULL, 'Logout', 'User Andi Santoso berhasil logout', '2026-03-01 13:24:13'),
(932, 1, NULL, 'Login', 'User Admin berhasil login', '2026-03-01 13:24:27'),
(933, 1, NULL, 'Logout', 'User Admin berhasil logout', '2026-03-01 13:25:37'),
(934, 12, NULL, 'Login', 'User Suryana berhasil login', '2026-03-01 13:25:41'),
(935, 12, NULL, 'Logout', 'User Suryana berhasil logout', '2026-03-01 13:25:45'),
(936, 1, NULL, 'Login', 'User Admin berhasil login', '2026-03-01 13:25:47'),
(937, 1, NULL, 'Logout', 'User Admin berhasil logout', '2026-03-01 14:01:24'),
(940, 11, NULL, 'Login', 'User Andi Santoso berhasil login', '2026-03-01 14:01:59'),
(941, 11, NULL, 'Logout', 'User Andi Santoso berhasil logout', '2026-03-01 14:02:33'),
(942, 13, NULL, 'Login', 'User Gilang Sugilang berhasil login', '2026-03-01 14:02:38'),
(943, 13, NULL, 'Logout', 'User Gilang Sugilang berhasil logout', '2026-03-01 14:03:07'),
(944, 1, NULL, 'Login', 'User Admin berhasil login', '2026-03-01 14:03:09'),
(945, 1, NULL, 'Logout', 'User Admin berhasil logout', '2026-03-01 14:03:16'),
(946, 15, NULL, 'Login', 'User Sandi berhasil login', '2026-03-01 14:03:20'),
(947, 15, NULL, 'Logout', 'User Sandi berhasil logout', '2026-03-01 14:03:23'),
(948, 12, NULL, 'Login', 'User Suryana berhasil login', '2026-03-01 14:03:27'),
(949, 12, NULL, 'Logout', 'User Suryana berhasil logout', '2026-03-01 14:03:34'),
(950, 1, NULL, 'Login', 'User Admin berhasil login', '2026-03-01 14:03:37'),
(951, 1, NULL, 'Logout', 'User Admin berhasil logout', '2026-03-01 14:03:45'),
(952, 14, NULL, 'Login', 'User budi suparlan berhasil login', '2026-03-01 14:03:50'),
(953, 14, NULL, 'Logout', 'User budi suparlan berhasil logout', '2026-03-01 14:03:52'),
(954, 1, NULL, 'Login', 'User Admin berhasil login', '2026-03-01 14:04:08'),
(955, 1, 97, 'Paket AE-1772371128-161 sudah ditugaskan kepada driver Fauzan', '', '2026-03-01 14:05:57'),
(956, 1, 96, 'Paket AE-1772371059-998 sudah ditugaskan kepada driver Fauzan', '', '2026-03-01 14:06:05'),
(957, 1, NULL, 'Logout', 'User Admin berhasil logout', '2026-03-01 14:06:42'),
(960, 1, NULL, 'Login', 'User Admin berhasil login', '2026-03-01 14:06:54'),
(961, 1, 93, 'Driver Fauzan assigned ke paket AE-1772370895-308', '', '2026-03-01 14:12:56'),
(962, 1, NULL, 'Logout', 'User Admin berhasil logout', '2026-03-01 14:14:32'),
(965, 10, NULL, 'Login', 'User Fauzan berhasil login', '2026-03-01 14:14:55'),
(966, 10, NULL, 'Logout', 'User Fauzan berhasil logout', '2026-03-01 14:15:03'),
(967, 1, NULL, 'Login', 'User Admin berhasil login', '2026-03-01 14:15:06'),
(968, 1, NULL, 'Logout', 'User Admin berhasil logout', '2026-03-01 14:15:31'),
(971, 1, NULL, 'Login', 'User Admin berhasil login', '2026-03-01 14:15:46'),
(972, 1, NULL, 'Logout', 'User Admin berhasil logout', '2026-03-01 14:21:58'),
(973, 17, NULL, 'Login', 'User Yusuf Ismail berhasil login', '2026-03-01 14:22:02'),
(974, 17, NULL, 'Logout', 'User Yusuf Ismail berhasil logout', '2026-03-01 14:22:08'),
(975, 1, NULL, 'Login', 'User Admin berhasil login', '2026-03-01 14:22:10'),
(976, 1, 95, 'Driver Yusuf Ismail assigned ke paket AE-1772370997-851', '', '2026-03-01 14:22:19'),
(977, 1, 94, 'Driver Yusuf Ismail assigned ke paket AE-1772370947-199', '', '2026-03-01 14:22:26'),
(978, 1, 92, 'Driver Fauzan assigned ke paket AE-1772370819-583', '', '2026-03-01 14:22:43'),
(979, 1, 91, 'Driver Yusuf Ismail assigned ke paket AE-1772370717-772', '', '2026-03-01 14:22:48'),
(980, 1, 90, 'Driver Yusuf Ismail assigned ke paket AE-1772370656-519', '', '2026-03-01 14:23:05'),
(981, 1, 88, 'Driver Yusuf Ismail assigned ke paket AE-1772370446-186', '', '2026-03-01 14:23:13'),
(982, 1, 87, 'Driver Yusuf Ismail assigned ke paket AE-1772370387-221', '', '2026-03-01 14:23:18'),
(983, 1, 86, 'Driver Yusuf Ismail assigned ke paket AE-1772370326-974', '', '2026-03-01 14:23:28'),
(984, 1, 85, 'Driver Yusuf Ismail assigned ke paket AE-1772370242-773', '', '2026-03-01 14:23:33'),
(985, 1, 84, 'Driver Yusuf Ismail assigned ke paket AE-1772370151-849', '', '2026-03-01 14:23:39'),
(986, 1, 83, 'Driver Fauzan assigned ke paket AE-1772370097-699', '', '2026-03-01 14:23:44'),
(987, 1, 82, 'Driver Fauzan assigned ke paket AE-1772370054-376', '', '2026-03-01 14:23:54'),
(988, 1, 81, 'Driver Yusuf Ismail assigned ke paket AE-1772369975-549', '', '2026-03-01 14:24:15'),
(989, 1, 80, 'Driver Yusuf Ismail assigned ke paket AE-1772369905-208', '', '2026-03-01 14:24:22'),
(990, 1, 79, 'Driver Yusuf Ismail assigned ke paket AE-1772369702-231', '', '2026-03-01 14:24:27'),
(991, 1, 78, 'Driver Yusuf Ismail assigned ke paket AE-1772369612-941', '', '2026-03-01 14:24:34'),
(992, 1, 77, 'Driver Yusuf Ismail assigned ke paket AE-1772369363-112', '', '2026-03-01 14:24:39'),
(993, 1, 74, 'Driver Yusuf Ismail assigned ke paket AE-1772368955-600', '', '2026-03-01 14:24:46'),
(994, 1, NULL, 'Logout', 'User Admin berhasil logout', '2026-03-01 14:24:59'),
(995, 17, NULL, 'Login', 'User Yusuf Ismail berhasil login', '2026-03-01 14:25:05'),
(996, 17, NULL, 'Logout', 'User Yusuf Ismail berhasil logout', '2026-03-01 14:29:22'),
(997, 17, NULL, 'Login', 'User Yusuf Ismail berhasil login', '2026-03-01 14:29:29'),
(998, 17, NULL, 'Logout', 'User Yusuf Ismail berhasil logout', '2026-03-01 14:29:36'),
(999, 1, NULL, 'Login', 'User Admin berhasil login', '2026-03-01 14:29:38'),
(1000, 1, NULL, 'Logout', 'User Admin berhasil logout', '2026-03-01 14:29:42'),
(1001, 8, NULL, 'Login', 'User Alif berhasil login', '2026-03-01 14:29:48'),
(1002, 8, NULL, 'Logout', 'User Alif berhasil logout', '2026-03-01 14:29:56'),
(1003, 17, NULL, 'Login', 'User Yusuf Ismail berhasil login', '2026-03-01 14:30:01'),
(1004, 17, NULL, '📦 Paket telah diserahkan kepada driver | AE-1772368955-600', '', '2026-03-01 14:30:19'),
(1005, 17, NULL, '📦 Paket telah diserahkan kepada driver | AE-1772369363-112', '', '2026-03-01 14:30:19'),
(1006, 17, NULL, '📦 Paket telah diserahkan kepada driver | AE-1772369612-941', '', '2026-03-01 14:30:19'),
(1007, 17, NULL, '📦 Paket telah diserahkan kepada driver | AE-1772369702-231', '', '2026-03-01 14:30:19'),
(1008, 17, NULL, '📦 Paket telah diserahkan kepada driver | AE-1772369905-208', '', '2026-03-01 14:30:19'),
(1009, 17, NULL, '📦 Paket telah diserahkan kepada driver | AE-1772369975-549', '', '2026-03-01 14:30:19'),
(1010, 17, NULL, '📦 Paket telah diserahkan kepada driver | AE-1772370151-849', '', '2026-03-01 14:30:19'),
(1011, 17, NULL, '📦 Paket telah diserahkan kepada driver | AE-1772370242-773', '', '2026-03-01 14:30:19'),
(1012, 17, NULL, '📦 Paket telah diserahkan kepada driver | AE-1772370326-974', '', '2026-03-01 14:30:19'),
(1013, 17, NULL, '📦 Paket telah diserahkan kepada driver | AE-1772370387-221', '', '2026-03-01 14:30:19'),
(1014, 17, NULL, '📦 Paket telah diserahkan kepada driver | AE-1772370446-186', '', '2026-03-01 14:30:19'),
(1015, 17, NULL, '📦 Paket telah diserahkan kepada driver | AE-1772370656-519', '', '2026-03-01 14:30:19'),
(1016, 17, NULL, '📦 Paket telah diserahkan kepada driver | AE-1772370717-772', '', '2026-03-01 14:30:19'),
(1017, 17, NULL, '📦 Paket telah diserahkan kepada driver | AE-1772370947-199', '', '2026-03-01 14:30:19'),
(1018, 17, NULL, '📦 Paket telah diserahkan kepada driver | AE-1772370997-851', '', '2026-03-01 14:30:19'),
(1019, 17, NULL, 'Logout', 'User Yusuf Ismail berhasil logout', '2026-03-01 14:30:26'),
(1020, 1, NULL, 'Login', 'User Admin berhasil login', '2026-03-01 14:30:29'),
(1021, 1, NULL, 'Logout', 'User Admin berhasil logout', '2026-03-01 14:30:41'),
(1022, 17, NULL, 'Login', 'User Yusuf Ismail berhasil login', '2026-03-01 14:30:46'),
(1023, 17, NULL, 'Logout', 'User Yusuf Ismail berhasil logout', '2026-03-01 14:30:48'),
(1024, 8, NULL, 'Login', 'User Alif berhasil login', '2026-03-01 14:30:54'),
(1025, 8, NULL, 'Logout', 'User Alif berhasil logout', '2026-03-01 14:31:02'),
(1026, 17, NULL, 'Login', 'User Yusuf Ismail berhasil login', '2026-03-01 14:33:16'),
(1027, 17, NULL, '🚚 Paket telah keluar dari gudang asal Gudang Utama Timur | AE-1772368955-600', '', '2026-03-01 14:33:25'),
(1028, 17, NULL, '🚚 Paket telah keluar dari gudang asal Gudang Utama Timur | AE-1772369363-112', '', '2026-03-01 14:33:25'),
(1029, 17, NULL, '🚚 Paket telah keluar dari gudang asal Gudang Utama Timur | AE-1772369612-941', '', '2026-03-01 14:33:25'),
(1030, 17, NULL, '🚚 Paket telah keluar dari gudang asal Gudang Utama Timur | AE-1772369702-231', '', '2026-03-01 14:33:25'),
(1031, 17, NULL, '🚚 Paket telah keluar dari gudang asal Gudang Utama Timur | AE-1772369905-208', '', '2026-03-01 14:33:25'),
(1032, 17, NULL, '🚚 Paket telah keluar dari gudang asal Gudang Utama Timur | AE-1772369975-549', '', '2026-03-01 14:33:25'),
(1033, 17, NULL, '🚚 Paket telah keluar dari gudang asal Gudang Utama Timur | AE-1772370151-849', '', '2026-03-01 14:33:25'),
(1034, 17, NULL, '🚚 Paket telah keluar dari gudang asal Gudang Utama Timur | AE-1772370242-773', '', '2026-03-01 14:33:25'),
(1035, 17, NULL, '🚚 Paket telah keluar dari gudang asal Gudang Utama Timur | AE-1772370326-974', '', '2026-03-01 14:33:25'),
(1036, 17, NULL, '🚚 Paket telah keluar dari gudang asal Gudang Utama Timur | AE-1772370387-221', '', '2026-03-01 14:33:25'),
(1037, 17, NULL, '🚚 Paket telah keluar dari gudang asal Gudang Utama Timur | AE-1772370446-186', '', '2026-03-01 14:33:25'),
(1038, 17, NULL, '🚚 Paket telah keluar dari gudang asal Gudang Utama Timur | AE-1772370656-519', '', '2026-03-01 14:33:25'),
(1039, 17, NULL, '🚚 Paket telah keluar dari gudang asal Gudang Utama Timur | AE-1772370717-772', '', '2026-03-01 14:33:25'),
(1040, 17, NULL, '🚚 Paket telah keluar dari gudang asal Gudang Utama Timur | AE-1772370947-199', '', '2026-03-01 14:33:25'),
(1041, 17, NULL, '🚚 Paket telah keluar dari gudang asal Gudang Utama Timur | AE-1772370997-851', '', '2026-03-01 14:33:25'),
(1042, 17, NULL, 'Login', 'User Yusuf Ismail berhasil login', '2026-03-01 14:49:08'),
(1043, 17, NULL, 'Logout', 'User Yusuf Ismail berhasil logout', '2026-03-01 14:56:37'),
(1044, 1, NULL, 'Login', 'User Admin berhasil login', '2026-03-01 14:56:41'),
(1045, 1, NULL, 'Logout', 'User Admin berhasil logout', '2026-03-01 14:58:05'),
(1046, 17, NULL, 'Login', 'User Yusuf Ismail berhasil login', '2026-03-01 14:58:10'),
(1047, 17, NULL, 'Logout', 'User Yusuf Ismail berhasil logout', '2026-03-01 15:18:28'),
(1048, 1, NULL, 'Login', 'User Admin berhasil login', '2026-03-01 15:18:32'),
(1049, 1, NULL, 'Logout', 'User Admin berhasil logout', '2026-03-01 15:30:02'),
(1050, 17, NULL, 'Login', 'User Yusuf Ismail berhasil login', '2026-03-01 15:30:09'),
(1051, 17, NULL, 'Login', 'User Yusuf Ismail berhasil login', '2026-03-02 12:46:28'),
(1052, 17, NULL, 'Logout', 'User Yusuf Ismail berhasil logout', '2026-03-02 12:55:51'),
(1053, 10, NULL, 'Login', 'User Fauzan berhasil login', '2026-03-02 12:56:03'),
(1054, 10, NULL, '📦 Paket telah diserahkan kepada driver | AE-1772370054-376', '', '2026-03-02 12:57:19'),
(1055, 10, NULL, '📦 Paket telah diserahkan kepada driver | AE-1772370097-699', '', '2026-03-02 12:57:19'),
(1056, 10, NULL, '📦 Paket telah diserahkan kepada driver | AE-1772370819-583', '', '2026-03-02 12:57:19'),
(1057, 10, NULL, '📦 Paket telah diserahkan kepada driver | AE-1772370895-308', '', '2026-03-02 12:57:19'),
(1058, 10, NULL, '📦 Paket telah diserahkan kepada driver | AE-1772371059-998', '', '2026-03-02 12:57:19'),
(1059, 10, NULL, '📦 Paket telah diserahkan kepada driver | AE-1772371128-161', '', '2026-03-02 12:57:19'),
(1060, 10, NULL, '🚚 Paket telah keluar dari gudang asal Gudang Utama Barat | AE-1772370054-376', '', '2026-03-02 12:57:40'),
(1061, 10, NULL, '🚚 Paket telah keluar dari gudang asal Gudang Utama Barat | AE-1772370097-699', '', '2026-03-02 12:57:40'),
(1062, 10, NULL, '🚚 Paket telah keluar dari gudang asal Gudang Utama Barat | AE-1772370819-583', '', '2026-03-02 12:57:40'),
(1063, 10, NULL, '🚚 Paket telah keluar dari gudang asal Gudang Utama Barat | AE-1772370895-308', '', '2026-03-02 12:57:40'),
(1064, 10, NULL, '🚚 Paket telah keluar dari gudang asal Gudang Utama Barat | AE-1772371059-998', '', '2026-03-02 12:57:40'),
(1065, 10, NULL, '🚚 Paket telah keluar dari gudang asal Gudang Utama Barat | AE-1772371128-161', '', '2026-03-02 12:57:40'),
(1066, 10, NULL, 'Logout', 'User Fauzan berhasil logout', '2026-03-02 12:58:08'),
(1067, 1, NULL, 'Login', 'User Admin berhasil login', '2026-03-02 12:58:12'),
(1068, 1, NULL, 'Logout', 'User Admin berhasil logout', '2026-03-02 12:59:53'),
(1069, 17, NULL, 'Login', 'User Yusuf Ismail berhasil login', '2026-03-02 13:00:00'),
(1070, 17, NULL, '🚛 Paket sedang dalam perjalanan Ke Gudang Utama | AE-1772368955-600', '', '2026-03-02 13:00:12'),
(1071, 17, NULL, '🚛 Paket sedang dalam perjalanan Ke Gudang Utama | AE-1772369363-112', '', '2026-03-02 13:00:12'),
(1072, 17, NULL, '🚛 Paket sedang dalam perjalanan Ke Gudang Utama | AE-1772369612-941', '', '2026-03-02 13:00:12'),
(1073, 17, NULL, '🚛 Paket sedang dalam perjalanan Ke Gudang Utama | AE-1772369702-231', '', '2026-03-02 13:00:12'),
(1074, 17, NULL, '🚛 Paket sedang dalam perjalanan Ke Gudang Utama | AE-1772369905-208', '', '2026-03-02 13:00:12'),
(1075, 17, NULL, '🚛 Paket sedang dalam perjalanan Ke Gudang Utama | AE-1772369975-549', '', '2026-03-02 13:00:12'),
(1076, 17, NULL, '🚛 Paket sedang dalam perjalanan Ke Gudang Utama | AE-1772370151-849', '', '2026-03-02 13:00:12'),
(1077, 17, NULL, '🚛 Paket sedang dalam perjalanan Ke Gudang Utama | AE-1772370242-773', '', '2026-03-02 13:00:12'),
(1078, 17, NULL, '🚛 Paket sedang dalam perjalanan Ke Gudang Utama | AE-1772370326-974', '', '2026-03-02 13:00:12'),
(1079, 17, NULL, '🚛 Paket sedang dalam perjalanan Ke Gudang Utama | AE-1772370387-221', '', '2026-03-02 13:00:12'),
(1080, 17, NULL, '🚛 Paket sedang dalam perjalanan Ke Gudang Utama | AE-1772370446-186', '', '2026-03-02 13:00:12'),
(1081, 17, NULL, '🚛 Paket sedang dalam perjalanan Ke Gudang Utama | AE-1772370656-519', '', '2026-03-02 13:00:12'),
(1082, 17, NULL, '🚛 Paket sedang dalam perjalanan Ke Gudang Utama | AE-1772370717-772', '', '2026-03-02 13:00:12'),
(1083, 17, NULL, '🚛 Paket sedang dalam perjalanan Ke Gudang Utama | AE-1772370947-199', '', '2026-03-02 13:00:12'),
(1084, 17, NULL, '🚛 Paket sedang dalam perjalanan Ke Gudang Utama | AE-1772370997-851', '', '2026-03-02 13:00:12'),
(1085, 17, NULL, '🔄 Paket sedang transit di hub Gudang Utama | AE-1772368955-600', '', '2026-03-02 13:00:23'),
(1086, 17, NULL, '🔄 Paket sedang transit di hub Gudang Utama | AE-1772369363-112', '', '2026-03-02 13:00:23'),
(1087, 17, NULL, '🔄 Paket sedang transit di hub Gudang Utama | AE-1772369612-941', '', '2026-03-02 13:00:23'),
(1088, 17, NULL, '🔄 Paket sedang transit di hub Gudang Utama | AE-1772369702-231', '', '2026-03-02 13:00:23'),
(1089, 17, NULL, '🔄 Paket sedang transit di hub Gudang Utama | AE-1772369905-208', '', '2026-03-02 13:00:23'),
(1090, 17, NULL, '🔄 Paket sedang transit di hub Gudang Utama | AE-1772369975-549', '', '2026-03-02 13:00:23'),
(1091, 17, NULL, '🔄 Paket sedang transit di hub Gudang Utama | AE-1772370151-849', '', '2026-03-02 13:00:23'),
(1092, 17, NULL, '🔄 Paket sedang transit di hub Gudang Utama | AE-1772370242-773', '', '2026-03-02 13:00:23'),
(1093, 17, NULL, '🔄 Paket sedang transit di hub Gudang Utama | AE-1772370326-974', '', '2026-03-02 13:00:23'),
(1094, 17, NULL, '🔄 Paket sedang transit di hub Gudang Utama | AE-1772370387-221', '', '2026-03-02 13:00:23'),
(1095, 17, NULL, '🔄 Paket sedang transit di hub Gudang Utama | AE-1772370446-186', '', '2026-03-02 13:00:23'),
(1096, 17, NULL, '🔄 Paket sedang transit di hub Gudang Utama | AE-1772370656-519', '', '2026-03-02 13:00:23'),
(1097, 17, NULL, '🔄 Paket sedang transit di hub Gudang Utama | AE-1772370717-772', '', '2026-03-02 13:00:23'),
(1098, 17, NULL, '🔄 Paket sedang transit di hub Gudang Utama | AE-1772370947-199', '', '2026-03-02 13:00:23'),
(1099, 17, NULL, '🔄 Paket sedang transit di hub Gudang Utama | AE-1772370997-851', '', '2026-03-02 13:00:23'),
(1100, 17, NULL, 'Logout', 'User Yusuf Ismail berhasil logout', '2026-03-02 13:00:32'),
(1101, 1, NULL, 'Login', 'User Admin berhasil login', '2026-03-02 13:00:37'),
(1102, 1, NULL, 'Logout', 'User Admin berhasil logout', '2026-03-02 13:00:49'),
(1103, 10, NULL, 'Login', 'User Fauzan berhasil login', '2026-03-02 13:00:56'),
(1104, 10, NULL, '🚛 Paket sedang dalam perjalanan Ke Gudang Utama | AE-1772370054-376', '', '2026-03-02 13:01:05'),
(1105, 10, NULL, '🚛 Paket sedang dalam perjalanan Ke Gudang Utama | AE-1772370097-699', '', '2026-03-02 13:01:05'),
(1106, 10, NULL, '🚛 Paket sedang dalam perjalanan Ke Gudang Utama | AE-1772370819-583', '', '2026-03-02 13:01:05'),
(1107, 10, NULL, '🚛 Paket sedang dalam perjalanan Ke Gudang Utama | AE-1772370895-308', '', '2026-03-02 13:01:05'),
(1108, 10, NULL, '🚛 Paket sedang dalam perjalanan Ke Gudang Utama | AE-1772371059-998', '', '2026-03-02 13:01:05'),
(1109, 10, NULL, '🚛 Paket sedang dalam perjalanan Ke Gudang Utama | AE-1772371128-161', '', '2026-03-02 13:01:05'),
(1110, 10, NULL, '🔄 Paket sedang transit di hub Gudang Utama | AE-1772370054-376', '', '2026-03-02 13:01:13'),
(1111, 10, NULL, '🔄 Paket sedang transit di hub Gudang Utama | AE-1772370097-699', '', '2026-03-02 13:01:13'),
(1112, 10, NULL, '🔄 Paket sedang transit di hub Gudang Utama | AE-1772370819-583', '', '2026-03-02 13:01:13'),
(1113, 10, NULL, '🔄 Paket sedang transit di hub Gudang Utama | AE-1772370895-308', '', '2026-03-02 13:01:13'),
(1114, 10, NULL, '🔄 Paket sedang transit di hub Gudang Utama | AE-1772371059-998', '', '2026-03-02 13:01:13'),
(1115, 10, NULL, '🔄 Paket sedang transit di hub Gudang Utama | AE-1772371128-161', '', '2026-03-02 13:01:13'),
(1116, 10, NULL, 'Logout', 'User Fauzan berhasil logout', '2026-03-02 13:01:18'),
(1117, 1, NULL, 'Login', 'User Admin berhasil login', '2026-03-02 13:01:23'),
(1118, 1, NULL, 'Logout', 'User Admin berhasil logout', '2026-03-02 13:03:35'),
(1119, 8, NULL, 'Login', 'User Alif berhasil login', '2026-03-02 13:03:41'),
(1120, 8, NULL, '📦 Paket  masuk sortir | AE-1772370895-308', '', '2026-03-02 13:05:00'),
(1121, 8, NULL, '📦 Paket  masuk sortir | AE-1772368955-600', '', '2026-03-02 13:05:20'),
(1122, 8, NULL, '📦 Paket  masuk sortir | AE-1772369363-112', '', '2026-03-02 13:05:33'),
(1123, 8, NULL, '📦 Paket  masuk sortir | AE-1772369612-941', '', '2026-03-02 13:05:45'),
(1124, 8, NULL, '📦 Paket  masuk sortir | AE-1772369702-231', '', '2026-03-02 13:06:00'),
(1125, 8, NULL, '📦 Paket  masuk sortir | AE-1772369905-208', '', '2026-03-02 13:06:12'),
(1126, 8, NULL, '📦 Paket  masuk sortir | AE-1772369975-549', '', '2026-03-02 13:06:40'),
(1127, 8, NULL, '📦 Paket  masuk sortir | AE-1772370054-376', '', '2026-03-02 13:06:50'),
(1128, 8, NULL, '📦 Paket  masuk sortir | AE-1772370097-699', '', '2026-03-02 13:07:01'),
(1129, 8, NULL, 'Logout', 'User Alif berhasil logout', '2026-03-02 13:07:05'),
(1130, 1, NULL, 'Login', 'User Admin berhasil login', '2026-03-02 13:07:10'),
(1131, 1, NULL, 'Logout', 'User Admin berhasil logout', '2026-03-02 13:09:47'),
(1132, 8, NULL, 'Login', 'User Alif berhasil login', '2026-03-02 13:09:52'),
(1133, 8, NULL, '📦 Paket  masuk sortir | AE-1772370151-849', '', '2026-03-02 13:10:06'),
(1134, 8, NULL, '📦 Paket  masuk sortir | AE-1772370242-773', '', '2026-03-02 13:10:16'),
(1135, 8, NULL, '📦 Paket  masuk sortir | AE-1772370326-974', '', '2026-03-02 13:10:25'),
(1136, 8, NULL, 'Logout', 'User Alif berhasil logout', '2026-03-02 13:10:43'),
(1137, 8, NULL, 'Login', 'User Alif berhasil login', '2026-03-02 13:10:51'),
(1138, 8, NULL, 'Logout', 'User Alif berhasil logout', '2026-03-02 13:12:08'),
(1139, 14, NULL, 'Login', 'User budi suparlan berhasil login', '2026-03-02 13:12:15'),
(1140, 14, NULL, 'Logout', 'User budi suparlan berhasil logout', '2026-03-02 13:12:17'),
(1141, 8, NULL, 'Login', 'User Alif berhasil login', '2026-03-02 13:12:22'),
(1142, 8, 79, '🚚 Paket AE-1772369702-231 diserahkan ke kurir budi suparlan', 'AE-1772369702-231', '2026-03-02 13:15:27'),
(1143, 8, NULL, 'Logout', 'User Alif berhasil logout', '2026-03-02 13:17:11'),
(1144, 1, NULL, 'Login', 'User Admin berhasil login', '2026-03-02 13:17:17'),
(1145, 1, NULL, 'Logout', 'User Admin berhasil logout', '2026-03-02 13:18:53'),
(1146, 14, NULL, 'Login', 'User budi suparlan berhasil login', '2026-03-02 13:19:02'),
(1147, 14, 79, 'Paket AE-1772369702-231 sedang dalam pengantaran', 'AE-1772369702-231', '2026-03-02 13:19:20'),
(1148, 14, 79, 'Paket AE-1772369702-231 sudah diterima oleh Bara', 'AE-1772369702-231', '2026-03-02 13:20:45'),
(1149, 14, NULL, 'Kurir kembali ke gudang', '', '2026-03-02 13:21:12'),
(1150, 14, NULL, 'Kurir kembali ke gudang', '', '2026-03-02 13:21:12'),
(1151, 14, NULL, 'Logout', 'User budi suparlan berhasil logout', '2026-03-02 13:21:17'),
(1152, 1, NULL, 'Login', 'User Admin berhasil login', '2026-03-02 13:21:22'),
(1153, 1, NULL, 'Login', 'User Admin berhasil login', '2026-03-02 13:39:29'),
(1154, 1, NULL, 'Login', 'User Admin berhasil login', '2026-04-01 04:40:52'),
(1155, 1, NULL, 'Login', 'User Admin berhasil login', '2026-04-01 06:05:52'),
(1156, 1, NULL, 'Login', 'User Admin berhasil login', '2026-04-02 01:10:39'),
(1157, 1, NULL, 'Logout', 'User Admin berhasil logout', '2026-04-02 01:42:11'),
(1158, 1, NULL, 'Login', 'User Admin berhasil login', '2026-04-02 01:42:21'),
(1159, 1, NULL, 'Logout', 'User Admin berhasil logout', '2026-04-02 01:42:42'),
(1160, 1, NULL, 'Login', 'User Admin berhasil login', '2026-04-02 01:42:48'),
(1161, 1, NULL, 'Shipment 98|CREATED|Shipment dibuat', '', '2026-04-02 01:44:52'),
(1162, 1, NULL, 'Logout', 'User Admin berhasil logout', '2026-04-02 01:47:31'),
(1163, 10, NULL, 'Login', 'User Fauzan berhasil login', '2026-04-02 01:47:37'),
(1164, 10, NULL, 'Logout', 'User Fauzan berhasil logout', '2026-04-02 01:55:48'),
(1165, 1, NULL, 'Login', 'User Admin berhasil login', '2026-04-02 01:55:52'),
(1166, 1, 98, 'Driver Yusuf Ismail assigned ke paket AE-1775094289-704', '', '2026-04-02 02:05:43'),
(1167, 1, NULL, 'Logout', 'User Admin berhasil logout', '2026-04-02 02:11:39'),
(1168, 17, NULL, 'Login', 'User Yusuf Ismail berhasil login', '2026-04-02 02:11:48'),
(1169, 17, NULL, 'Logout', 'User Yusuf Ismail berhasil logout', '2026-04-02 02:12:53'),
(1170, 1, NULL, 'Login', 'User Admin berhasil login', '2026-04-02 02:15:02'),
(1171, 1, NULL, 'Logout', 'User Admin berhasil logout', '2026-04-02 02:15:13'),
(1172, 17, NULL, 'Login', 'User Yusuf Ismail berhasil login', '2026-04-02 02:15:17'),
(1173, 17, NULL, '📦 Paket telah diserahkan kepada driver | AE-1775094289-704', '', '2026-04-02 02:51:41'),
(1174, 17, NULL, 'Logout', 'User Yusuf Ismail berhasil logout', '2026-04-02 02:51:49'),
(1175, 1, NULL, 'Login', 'User Admin berhasil login', '2026-04-02 02:51:54'),
(1176, 1, NULL, 'Logout', 'User Admin berhasil logout', '2026-04-02 02:52:01'),
(1177, 17, NULL, 'Login', 'User Yusuf Ismail berhasil login', '2026-04-02 02:52:12'),
(1179, 17, NULL, 'Logout', 'User Yusuf Ismail berhasil logout', '2026-04-02 02:52:28'),
(1180, 1, NULL, 'Login', 'User Admin berhasil login', '2026-04-02 02:52:31'),
(1181, 1, NULL, 'Logout', 'User Admin berhasil logout', '2026-04-02 02:56:24'),
(1182, 17, NULL, 'Login', 'User Yusuf Ismail berhasil login', '2026-04-02 02:56:29'),
(1184, 17, NULL, 'Logout', 'User Yusuf Ismail berhasil logout', '2026-04-02 02:56:39'),
(1185, 1, NULL, 'Login', 'User Admin berhasil login', '2026-04-02 02:56:43'),
(1186, 1, NULL, 'Logout', 'User Admin berhasil logout', '2026-04-02 02:58:56'),
(1187, 17, NULL, 'Login', 'User Yusuf Ismail berhasil login', '2026-04-02 02:59:00'),
(1188, 17, NULL, '🚚 Paket telah keluar dari gudang asal Gudang Utama Barat menuju kota gudang Jl. Melati No.90 - Jakarta Barat | AE-1775094289-704', '', '2026-04-02 03:05:27'),
(1189, 17, NULL, 'Logout', 'User Yusuf Ismail berhasil logout', '2026-04-02 03:05:31'),
(1190, 1, NULL, 'Login', 'User Admin berhasil login', '2026-04-02 03:05:36'),
(1191, 1, NULL, 'Logout', 'User Admin berhasil logout', '2026-04-02 03:11:03'),
(1192, 17, NULL, 'Login', 'User Yusuf Ismail berhasil login', '2026-04-02 03:11:08'),
(1193, 17, NULL, '🚛 Paket sedang dalam perjalanan dari Gudang Utama ke Jl. Merdeka No.05 - Kota Bandung | AE-1775094289-704', '', '2026-04-02 03:11:19'),
(1194, 17, NULL, 'Logout', 'User Yusuf Ismail berhasil logout', '2026-04-02 03:11:22'),
(1195, 1, NULL, 'Login', 'User Admin berhasil login', '2026-04-02 03:11:32'),
(1196, 1, NULL, 'Logout', 'User Admin berhasil logout', '2026-04-02 03:12:22'),
(1197, 17, NULL, 'Login', 'User Yusuf Ismail berhasil login', '2026-04-02 03:12:26'),
(1198, 17, NULL, '🔄 Paket sedang transit di hub Gudang Utama | AE-1775094289-704', '', '2026-04-02 03:12:32'),
(1199, 17, NULL, 'Logout', 'User Yusuf Ismail berhasil logout', '2026-04-02 03:12:36'),
(1200, 1, NULL, 'Login', 'User Admin berhasil login', '2026-04-02 03:12:43'),
(1201, 1, NULL, 'Logout', 'User Admin berhasil logout', '2026-04-02 03:14:19'),
(1202, 8, NULL, 'Login', 'User Alif berhasil login', '2026-04-02 03:14:27'),
(1203, 8, NULL, '📦 Paket sedang di sortir | AE-1775094289-704', '', '2026-04-02 03:14:42'),
(1204, 8, NULL, 'Logout', 'User Alif berhasil logout', '2026-04-02 03:14:47'),
(1205, 1, NULL, 'Login', 'User Admin berhasil login', '2026-04-02 03:14:52'),
(1206, 1, NULL, 'Logout', 'User Admin berhasil logout', '2026-04-02 03:16:54'),
(1207, 8, NULL, 'Login', 'User Alif berhasil login', '2026-04-02 03:17:00'),
(1208, 8, 98, '🚚 Paket AE-1775094289-704 diserahkan ke kurir fadlan', 'AE-1775094289-704', '2026-04-02 03:22:31'),
(1209, 8, NULL, 'Logout', 'User Alif berhasil logout', '2026-04-02 03:22:45'),
(1210, 1, NULL, 'Login', 'User Admin berhasil login', '2026-04-02 03:22:49'),
(1211, 1, NULL, 'Logout', 'User Admin berhasil logout', '2026-04-02 03:23:28'),
(1212, 7, NULL, 'Login', 'User fadlan berhasil login', '2026-04-02 03:23:34'),
(1213, 7, NULL, 'Logout', 'User fadlan berhasil logout', '2026-04-02 03:24:36'),
(1214, 7, NULL, 'Login', 'User fadlan berhasil login', '2026-04-02 03:25:04'),
(1215, 7, 98, 'Paket AE-1775094289-704 sedang dalam pengantaran', 'AE-1775094289-704', '2026-04-02 03:31:26'),
(1216, 7, NULL, 'Logout', 'User fadlan berhasil logout', '2026-04-02 03:31:33'),
(1217, 1, NULL, 'Login', 'User Admin berhasil login', '2026-04-02 03:31:36'),
(1218, 1, NULL, 'Logout', 'User Admin berhasil logout', '2026-04-02 03:31:55'),
(1219, 1, NULL, 'Login', 'User Admin berhasil login', '2026-04-02 03:32:07'),
(1220, 1, NULL, 'Logout', 'User Admin berhasil logout', '2026-04-02 03:32:11'),
(1221, 7, NULL, 'Login', 'User fadlan berhasil login', '2026-04-02 03:32:18'),
(1222, 7, 98, 'Paket AE-1775094289-704 sudah diterima oleh  Raditya R', 'AE-1775094289-704', '2026-04-02 03:32:36'),
(1223, 7, NULL, 'Kurir kembali ke gudang', '', '2026-04-02 03:32:54'),
(1224, 7, NULL, 'Logout', 'User fadlan berhasil logout', '2026-04-02 03:32:59'),
(1225, 1, NULL, 'Login', 'User Admin berhasil login', '2026-04-02 03:33:02');

-- --------------------------------------------------------

--
-- Table structure for table `tbl_courier_scans_azka`
--

CREATE TABLE `tbl_courier_scans_azka` (
  `id_azka` int(11) NOT NULL,
  `courier_id_azka` int(11) NOT NULL,
  `shipment_id_azka` int(11) DEFAULT NULL,
  `warehouse_id_azka` int(11) DEFAULT NULL,
  `scan_type_azka` enum('IN','OUT') NOT NULL,
  `scan_time_azka` datetime DEFAULT current_timestamp()
) ENGINE=InnoDB DEFAULT CHARSET=utf8mb4 COLLATE=utf8mb4_general_ci;

--
-- Dumping data for table `tbl_courier_scans_azka`
--

INSERT INTO `tbl_courier_scans_azka` (`id_azka`, `courier_id_azka`, `shipment_id_azka`, `warehouse_id_azka`, `scan_type_azka`, `scan_time_azka`) VALUES
(92, 14, 79, 14, 'OUT', '2026-03-02 20:19:19'),
(93, 14, 79, NULL, '', '2026-03-02 20:20:45'),
(94, 14, NULL, 14, '', '2026-03-02 20:21:12'),
(95, 14, NULL, 14, '', '2026-03-02 20:21:12'),
(96, 7, 98, 14, 'OUT', '2026-04-02 10:31:26'),
(97, 7, 98, NULL, '', '2026-04-02 10:32:36'),
(98, 7, NULL, 14, '', '2026-04-02 10:32:54');

-- --------------------------------------------------------

--
-- Table structure for table `tbl_driver_scans_azka`
--

CREATE TABLE `tbl_driver_scans_azka` (
  `id_azka` int(11) NOT NULL,
  `driver_id_azka` int(11) DEFAULT NULL,
  `warehouse_id_azka` int(11) DEFAULT NULL,
  `scan_type_azka` enum('IN','OUT','RETURN') DEFAULT NULL,
  `scan_time_azka` datetime DEFAULT NULL,
  `latitude_azka` decimal(10,7) DEFAULT NULL,
  `longitude_azka` decimal(10,7) DEFAULT NULL
) ENGINE=InnoDB DEFAULT CHARSET=utf8mb4 COLLATE=utf8mb4_general_ci;

--
-- Dumping data for table `tbl_driver_scans_azka`
--

INSERT INTO `tbl_driver_scans_azka` (`id_azka`, `driver_id_azka`, `warehouse_id_azka`, `scan_type_azka`, `scan_time_azka`, `latitude_azka`, `longitude_azka`) VALUES
(56, 17, 16, 'IN', '2026-03-01 21:30:19', -7.2489076, 112.7502949),
(57, 17, 16, 'OUT', '2026-03-01 21:33:25', -7.2489076, 112.7502949),
(58, 10, 15, 'IN', '2026-03-02 19:57:19', -6.1924323, 106.7648468),
(59, 10, 15, 'OUT', '2026-03-02 19:57:40', -6.1924323, 106.7648468),
(60, 17, 14, 'IN', '2026-03-02 20:00:12', -6.9088790, 107.6106028),
(61, 17, 14, 'OUT', '2026-03-02 20:00:23', -6.9088790, 107.6106028),
(62, 10, 14, 'IN', '2026-03-02 20:01:05', -6.9088790, 107.6106028),
(63, 10, 14, 'OUT', '2026-03-02 20:01:13', -6.9088790, 107.6106028),
(64, 17, 15, 'IN', '2026-04-02 09:51:41', -6.1924323, 106.7648468),
(67, 17, 15, 'OUT', '2026-04-02 10:05:27', -6.1924323, 106.7648468),
(68, 17, 14, 'IN', '2026-04-02 10:11:19', -6.9088790, 107.6106028),
(69, 17, 14, 'OUT', '2026-04-02 10:12:32', -6.9088790, 107.6106028);

-- --------------------------------------------------------

--
-- Table structure for table `tbl_products_azka`
--

CREATE TABLE `tbl_products_azka` (
  `id_azka` int(11) NOT NULL,
  `shipment_id_azka` int(11) DEFAULT NULL,
  `nama_barang_azka` varchar(100) DEFAULT NULL,
  `berat_azka` float DEFAULT NULL,
  `qty_azka` int(11) DEFAULT NULL
) ENGINE=InnoDB DEFAULT CHARSET=utf8mb4 COLLATE=utf8mb4_general_ci;

--
-- Dumping data for table `tbl_products_azka`
--

INSERT INTO `tbl_products_azka` (`id_azka`, `shipment_id_azka`, `nama_barang_azka`, `berat_azka`, `qty_azka`) VALUES
(37, 74, 'Jersey Futsall', 0.2, 1),
(40, 77, 'Mouse', 0.1, 1),
(41, 78, 'Mochi', 0.5, 3),
(42, 79, 'Magnum 1 bks', 0.2, 1),
(43, 80, 'Remover', 0.6, 1),
(44, 81, 'Alat Olahraga', 0.6, 1),
(45, 82, 'Hnadphone', 0.8, 1),
(46, 83, 'Speaker', 1, 1),
(47, 84, 'Knalpot', 1.5, 1),
(48, 85, 'Headset', 0.4, 1),
(49, 86, 'Custom Shockbreker', 3, 2),
(50, 87, 'Case Tecno', 0.4, 1),
(51, 88, 'Kartu', 0.3, 1),
(53, 90, 'Vape', 0.3, 1),
(54, 91, 'Sarung', 0.3, 1),
(55, 92, 'Jersey Persib', 0.3, 1),
(56, 93, 'Iphone 11', 0.5, 1),
(57, 94, 'Iphone 11', 0.8, 1),
(58, 95, 'Hnadphone', 0.7, 1),
(59, 96, 'Vape', 0.3, 1),
(60, 97, 'Bola Volly ', 0.5, 1),
(61, 98, 'Monitor ', 4, 1);

-- --------------------------------------------------------

--
-- Table structure for table `tbl_roles_azka`
--

CREATE TABLE `tbl_roles_azka` (
  `id_azka` int(11) NOT NULL,
  `nama_azka` varchar(50) NOT NULL,
  `description_azka` text NOT NULL
) ENGINE=InnoDB DEFAULT CHARSET=utf8mb4 COLLATE=utf8mb4_general_ci;

--
-- Dumping data for table `tbl_roles_azka`
--

INSERT INTO `tbl_roles_azka` (`id_azka`, `nama_azka`, `description_azka`) VALUES
(1, 'admin', 'full acces system\r\n\r\n'),
(2, 'Gudang', 'pengelolaan barang'),
(3, 'Kurir', 'Pengantaran barang'),
(4, 'Manager', 'Mendistribusi logistik barang\r\n'),
(5, 'Driver', 'Membawa Paket');

-- --------------------------------------------------------

--
-- Table structure for table `tbl_shipment_azka`
--

CREATE TABLE `tbl_shipment_azka` (
  `id_azka` int(11) NOT NULL,
  `tracking_number_azka` varchar(50) DEFAULT NULL,
  `sender_name_azka` varchar(100) DEFAULT NULL,
  `qr_code_data_azka` text NOT NULL,
  `receiver_name_azka` varchar(100) DEFAULT NULL,
  `receiver_address_azka` text DEFAULT NULL,
  `warehouse_id_azka` int(11) DEFAULT NULL,
  `courier_id_azka` int(11) DEFAULT NULL,
  `driver_id_azka` int(11) DEFAULT NULL,
  `status_azka` varchar(30) DEFAULT NULL,
  `is_interisland` tinyint(4) NOT NULL,
  `created_at_azka` datetime DEFAULT current_timestamp(),
  `updated_at_azka` datetime DEFAULT current_timestamp() ON UPDATE current_timestamp(),
  `origin_lat` decimal(10,7) DEFAULT NULL,
  `origin_lng` decimal(10,7) DEFAULT NULL,
  `last_lat` decimal(10,7) DEFAULT NULL,
  `last_lng` decimal(10,7) DEFAULT NULL,
  `destination_lat` double DEFAULT NULL,
  `destination_lng` double DEFAULT NULL,
  `receiver_city_azka` varchar(100) DEFAULT NULL
) ENGINE=InnoDB DEFAULT CHARSET=utf8mb4 COLLATE=utf8mb4_general_ci;

--
-- Dumping data for table `tbl_shipment_azka`
--

INSERT INTO `tbl_shipment_azka` (`id_azka`, `tracking_number_azka`, `sender_name_azka`, `qr_code_data_azka`, `receiver_name_azka`, `receiver_address_azka`, `warehouse_id_azka`, `courier_id_azka`, `driver_id_azka`, `status_azka`, `is_interisland`, `created_at_azka`, `updated_at_azka`, `origin_lat`, `origin_lng`, `last_lat`, `last_lng`, `destination_lat`, `destination_lng`, `receiver_city_azka`) VALUES
(74, 'AE-1772368955-600', 'Muhammad Azka', 'PAKET|74|AE-1772368955-600', 'Muhammad Chandra', 'Jl. Cipageran No. 10 - Kota Cimahi', 14, NULL, NULL, 'SORTING', 0, '2026-03-01 19:42:36', '2026-03-02 20:05:20', -7.2489076, 112.7502949, -7.2489076, 112.7502949, -6.8567613, 107.5436302, 'CIMAHI'),
(77, 'AE-1772369363-112', 'Rafasya', 'PAKET|77|AE-1772369363-112', 'Muhammad Azka ', 'Jl. Galanggang No. 10 - Kec. Batujajar', 14, NULL, NULL, 'SORTING', 0, '2026-03-01 19:49:25', '2026-03-02 20:05:33', -7.2489076, 112.7502949, -7.2489076, 112.7502949, -6.915641, 107.4943744, 'BATUJAJAR'),
(78, 'AE-1772369612-941', 'Muhammad Azka', 'PAKET|78|AE-1772369612-941', 'Raisya', 'Jl. Sukaresik No.20 - Kab. Tasikmalaya', 14, NULL, NULL, 'SORTING', 0, '2026-03-01 19:53:33', '2026-03-02 20:05:45', -7.2489076, 112.7502949, -7.2489076, 112.7502949, -7.1502103, 108.1806284, 'TASIKMALAYA'),
(79, 'AE-1772369702-231', 'Hafiz', 'PAKET|79|AE-1772369702-231', 'Bara', 'Jl. Raya Soreang No. 30 - Kab. Bandung', 14, NULL, NULL, 'DELIVERED', 0, '2026-03-01 19:55:04', '2026-03-02 20:20:45', -7.2489076, 112.7502949, -7.2489076, 112.7502949, -7.0246735, 107.528633, 'KABUPATEN BANDUNG'),
(80, 'AE-1772369905-208', 'Ali Firdaus', 'PAKET|80|AE-1772369905-208', 'Rafasya', 'Jl. Raya Batujajar No. 20 - Kab. Bandung Barat', 14, NULL, NULL, 'SORTING', 0, '2026-03-01 19:58:26', '2026-03-02 20:06:12', -7.2489076, 112.7502949, -7.2489076, 112.7502949, -6.8636059, 107.5032915, 'BANDUNG BARAT'),
(81, 'AE-1772369975-549', 'Athar Sadika', 'PAKET|81|AE-1772369975-549', 'Raihan', 'Jl. Galanggang No. 70  - Kec. Batujajar', 14, NULL, NULL, 'SORTING', 0, '2026-03-01 19:59:36', '2026-03-02 20:06:40', -7.2489076, 112.7502949, -7.2489076, 112.7502949, -6.915641, 107.4943744, 'BATUJAJAR'),
(82, 'AE-1772370054-376', 'Akbar ', 'PAKET|82|AE-1772370054-376', 'Ramdan', 'Jl. Padasuka No. 10 - Kota Cimahi', 14, NULL, NULL, 'SORTING', 0, '2026-03-01 20:00:56', '2026-03-02 20:06:50', -6.1924323, 106.7648468, -6.1924323, 106.7648468, -6.8689184, 107.5262085, 'CIMAHI'),
(83, 'AE-1772370097-699', 'Ramdan', 'PAKET|83|AE-1772370097-699', 'Muhammad Azzam ', 'Jl. Ciawitali No.10 - Kota Cimahi', 14, NULL, NULL, 'SORTING', 0, '2026-03-01 20:01:39', '2026-03-02 20:07:01', -6.1924323, 106.7648468, -6.1924323, 106.7648468, -6.8662101, 107.55237, 'CIMAHI'),
(84, 'AE-1772370151-849', 'Hail Sukma ', 'PAKET|84|AE-1772370151-849', 'Exchel ', 'Jl. Kolonel Masturi No. 10 - Kota Cimahi', 14, NULL, NULL, 'SORTING', 0, '2026-03-01 20:02:33', '2026-03-02 20:10:06', -7.2489076, 112.7502949, -7.2489076, 112.7502949, -6.865152, 107.5435767, 'CIMAHI'),
(85, 'AE-1772370242-773', 'Raditya', 'PAKET|85|AE-1772370242-773', 'Ahkam', 'Jl. Cimareme No. 20 - Kab. Bandung Barat', 14, NULL, NULL, 'SORTING', 0, '2026-03-01 20:04:04', '2026-03-02 20:10:16', -7.2489076, 112.7502949, -7.2489076, 112.7502949, -6.8636368, 107.5040682, 'BANDUNG BARAT'),
(86, 'AE-1772370326-974', 'Zidan ', 'PAKET|86|AE-1772370326-974', 'Raihan', 'Jl. Kamarung No.10 - Kota Cimahi', 14, NULL, NULL, 'SORTING', 0, '2026-03-01 20:05:28', '2026-03-02 20:10:25', -7.2489076, 112.7502949, -7.2489076, 112.7502949, -6.8589773, 107.5491048, 'CIMAHI'),
(87, 'AE-1772370387-221', 'Hafiz', 'PAKET|87|AE-1772370387-221', 'Muhammad Azka ', 'Jl. Raya Ciwidey No. 20 - Kab. Bandung', 14, NULL, NULL, 'TRANSIT_HUB', 0, '2026-03-01 20:06:29', '2026-03-02 20:00:23', -7.2489076, 112.7502949, -7.2489076, 112.7502949, -7.1032329, 107.4683574, 'CIWIDEY'),
(88, 'AE-1772370446-186', 'Bara', 'PAKET|88|AE-1772370446-186', 'Rizal ', 'Jl. Raya Batujajar No.45 - Kec. Batujajar', 14, NULL, NULL, 'TRANSIT_HUB', 0, '2026-03-01 20:07:28', '2026-03-02 20:00:23', -7.2489076, 112.7502949, -7.2489076, 112.7502949, -6.9145444, 107.4967993, 'BATUJAJAR'),
(90, 'AE-1772370656-519', 'Muhammad Ezra', 'PAKET|90|AE-1772370656-519', 'Rafasya', 'Jl. Raya Padalarang Np. 20 - Kab. Bandung Barat', 14, NULL, NULL, 'TRANSIT_HUB', 0, '2026-03-01 20:10:58', '2026-03-02 20:00:23', -7.2489076, 112.7502949, -7.2489076, 112.7502949, -6.8421007, 107.4831684, 'BANDUNG BARAT'),
(91, 'AE-1772370717-772', 'Rizal', 'PAKET|91|AE-1772370717-772', 'Taufik', 'Jl. Raya Batujajar No.10 - Kec. Batujajar', 14, NULL, NULL, 'TRANSIT_HUB', 0, '2026-03-01 20:11:59', '2026-03-02 20:00:23', -7.2489076, 112.7502949, -7.2489076, 112.7502949, -6.9145444, 107.4967993, 'BATUJAJAR'),
(92, 'AE-1772370819-583', 'Rizky', 'PAKET|92|AE-1772370819-583', 'Ghaza', 'Jl. Ciawi No. 25 - Kab. Tasikmalaya', 14, NULL, NULL, 'TRANSIT_HUB', 0, '2026-03-01 20:13:41', '2026-03-02 20:01:13', -6.1924323, 106.7648468, -6.1924323, 106.7648468, -7.156806, 108.1520776, 'TASIKMALAYA'),
(93, 'AE-1772370895-308', 'Muhammad Azka', 'PAKET|93|AE-1772370895-308', 'Raisya', 'Jl. Sukaresik No. 3 - Kab. Tasikmalaya', 14, NULL, NULL, 'SORTING', 0, '2026-03-01 20:14:57', '2026-03-02 20:05:00', -6.1924323, 106.7648468, -6.1924323, 106.7648468, -7.1502103, 108.1806284, 'TASIKMALAYA'),
(94, 'AE-1772370947-199', 'Ghaza', 'PAKET|94|AE-1772370947-199', 'Muhammad Azka ', 'Jl. Raya Ciwidey No. 45 - Kab. Bandung', 14, NULL, NULL, 'TRANSIT_HUB', 0, '2026-03-01 20:15:49', '2026-03-02 20:00:23', -7.2489076, 112.7502949, -7.2489076, 112.7502949, -7.1032329, 107.4683574, 'CIWIDEY'),
(95, 'AE-1772370997-851', 'Rafasya', 'PAKET|95|AE-1772370997-851', 'Muhammad Chandra', 'Jl. Raya Soreang No. 28 - Kab. Bandung', 14, NULL, NULL, 'TRANSIT_HUB', 0, '2026-03-01 20:16:38', '2026-03-02 20:00:23', -7.2489076, 112.7502949, -7.2489076, 112.7502949, -7.0275919, 107.5181668, 'KABUPATEN BANDUNG'),
(96, 'AE-1772371059-998', 'Muhammad Ezra', 'PAKET|96|AE-1772371059-998', 'Muhammad Azka ', 'Jl. Raya Soreang No. 55 - Kab. Bandung', 14, NULL, NULL, 'TRANSIT_HUB', 0, '2026-03-01 20:17:41', '2026-03-02 20:01:13', -6.1924323, 106.7648468, -6.1924323, 106.7648468, -7.0275919, 107.5181668, 'KABUPATEN BANDUNG'),
(97, 'AE-1772371128-161', 'Yoga Setiawan ', 'PAKET|97|AE-1772371128-161', 'Muhammad Chandra', 'Jl. Raya Ciwidey No. 90 - Kab. Bandung', 14, NULL, NULL, 'TRANSIT_HUB', 0, '2026-03-01 20:18:50', '2026-03-02 20:01:13', -6.1924323, 106.7648468, -6.1924323, 106.7648468, -7.1032329, 107.4683574, 'CIWIDEY'),
(98, 'AE-1775094289-704', 'Hail Sukma', 'PAKET|98|AE-1775094289-704', ' Raditya R', 'Jl. Raya Padalarang No.47 - Kab. Bandung Barat', 14, NULL, NULL, 'DELIVERED', 0, '2026-04-02 08:44:52', '2026-04-02 10:32:36', -6.1924323, 106.7648468, -6.1924323, 106.7648468, -6.8421007, 107.4831684, 'BANDUNG BARAT');

-- --------------------------------------------------------

--
-- Table structure for table `tbl_users_azka`
--

CREATE TABLE `tbl_users_azka` (
  `id_azka` int(11) NOT NULL,
  `username_azka` varchar(100) NOT NULL,
  `email_azka` varchar(100) NOT NULL,
  `password_hash_azka` varchar(255) NOT NULL,
  `role_id_azka` int(11) NOT NULL,
  `warehouse_id_azka` int(11) DEFAULT NULL,
  `created_at_azka` timestamp NOT NULL DEFAULT current_timestamp(),
  `update_at_azka` timestamp NOT NULL DEFAULT current_timestamp() ON UPDATE current_timestamp(),
  `is_active_azka` tinyint(1) DEFAULT 1,
  `last_activity` datetime DEFAULT NULL,
  `wilayah_azka` varchar(100) DEFAULT NULL
) ENGINE=InnoDB DEFAULT CHARSET=utf8mb4 COLLATE=utf8mb4_general_ci;

--
-- Dumping data for table `tbl_users_azka`
--

INSERT INTO `tbl_users_azka` (`id_azka`, `username_azka`, `email_azka`, `password_hash_azka`, `role_id_azka`, `warehouse_id_azka`, `created_at_azka`, `update_at_azka`, `is_active_azka`, `last_activity`, `wilayah_azka`) VALUES
(1, 'Admin', 'm.azkanabhan07@gmail.com', 'pbkdf2:sha256:1000000$sJt8RlYDDklN6ZGq$08f5b01cc2feff97c75b8b826bd003091a81a6d015566e101afbaa40222b2431', 1, NULL, '2025-11-28 07:57:41', '2026-04-02 03:59:23', 1, '2026-04-02 10:59:23', NULL),
(7, 'fadlan', 'fadlan@gmail.com', 'pbkdf2:sha256:1000000$Br5EBARsNCgxSxfe$ccb32c800f4c64e3c1625ce015da2bab6b8a60bbfc006428256e8378a028ad19', 3, NULL, '2025-12-07 09:56:30', '2026-04-02 03:32:59', 1, '2026-04-02 10:32:59', 'BANDUNG BARAT'),
(8, 'Alif', 'alif1@gmail.com', 'pbkdf2:sha256:1000000$HB9QcY1IwvWyFGcx$3a03f3911a259b4fdd984f02c13de79660a766c4e392500b051b6c7b3e071cf5', 2, 14, '2026-01-19 12:37:03', '2026-04-02 03:22:45', 1, '2026-04-02 10:22:45', NULL),
(10, 'Fauzan', 'fauzan@gmail.com', 'pbkdf2:sha256:1000000$ZdQpvhRfyKrSihMT$2ed568da37120197f87a0e80cf788ab17ce0dc10eb9db6d15df15425cb8be0b5', 5, NULL, '2026-02-12 12:35:17', '2026-04-02 01:55:48', 1, '2026-04-02 08:55:48', NULL),
(11, 'Andi Santoso', 'andi@gmail.com', 'pbkdf2:sha256:1000000$stNFXFgEs8qlPUaQ$6c6dd3e30e645b57994e06759c925f4de2dcb27609e73fc452c540d0faea7ebb', 3, NULL, '2026-03-01 13:21:11', '2026-03-01 14:02:32', 1, '2026-03-01 21:02:32', 'BATUJAJAR'),
(12, 'Suryana', 'surya@gmail.com', 'pbkdf2:sha256:1000000$Pd80MVIhyG7YyHOS$9549135a597aef8efb6cbe96c9c64c8a05f14df7e43ccf01e0d8e5ccd7a0d884', 3, NULL, '2026-03-01 13:25:11', '2026-03-01 14:03:34', 1, '2026-03-01 21:03:34', 'CIWIDEY'),
(13, 'Gilang Sugilang', 'gilang@gmail.com', 'pbkdf2:sha256:1000000$LvZqcxlf1YloE1xc$152676312fb7b29fb767969a37ddf7a4215a9aaa85f36c16bad9c1eba3266e01', 3, NULL, '2026-03-01 13:58:33', '2026-03-01 14:03:06', 1, '2026-03-01 21:03:06', 'TASIKMALAYA'),
(14, 'budi suparlan', 'budi@gmail.com', 'pbkdf2:sha256:1000000$jtDpXlglsD509Kjy$84d19a07c14b159d266ae7fad185407ea8d41ab2740791fd3fd6d7c504ccc738', 3, NULL, '2026-03-01 14:00:01', '2026-03-02 13:21:17', 1, '2026-03-02 20:21:17', 'KABUPATEN BANDUNG'),
(15, 'Sandi', 'sandi@gmail.com', 'pbkdf2:sha256:1000000$r9E3Bf6hPojO4va0$a094108f0e3743c5482bdaae3525840781de6b645ebbd0703032a77589ef2a70', 3, NULL, '2026-03-01 14:00:42', '2026-03-01 14:03:23', 1, '2026-03-01 21:03:23', 'CIMAHI'),
(17, 'Yusuf Ismail', 'Yusuf@gmail.com', 'pbkdf2:sha256:1000000$zfvfcyAOMjvSCAr0$b39dfb3e6dc3b82ae4bd9abc470bf5496256b21d6dfa4c42cd64f2055ea48869', 5, NULL, '2026-03-01 14:21:56', '2026-04-02 03:12:36', 1, '2026-04-02 10:12:36', NULL);

-- --------------------------------------------------------

--
-- Table structure for table `tbl_warehouses_azka`
--

CREATE TABLE `tbl_warehouses_azka` (
  `id_azka` int(11) NOT NULL,
  `nama_azka` varchar(100) NOT NULL,
  `address_azka` varchar(100) NOT NULL,
  `qr_code_data_azka` text NOT NULL,
  `created_at_azka` timestamp NOT NULL DEFAULT current_timestamp(),
  `latitude_azka` decimal(10,7) DEFAULT NULL,
  `longitude_azka` decimal(10,7) DEFAULT NULL
) ENGINE=InnoDB DEFAULT CHARSET=utf8mb4 COLLATE=utf8mb4_general_ci;

--
-- Dumping data for table `tbl_warehouses_azka`
--

INSERT INTO `tbl_warehouses_azka` (`id_azka`, `nama_azka`, `address_azka`, `qr_code_data_azka`, `created_at_azka`, `latitude_azka`, `longitude_azka`) VALUES
(14, 'Gudang Utama', 'Jl. Merdeka No.05 - Kota Bandung', 'GUDANG|14', '2026-02-05 10:08:02', -6.9088790, 107.6106028),
(15, 'Gudang Utama Barat', 'Jl. Melati No.90 - Jakarta Barat', 'GUDANG|15', '2026-02-05 10:10:52', -6.1924323, 106.7648468),
(16, 'Gudang Utama Timur', 'Jl. Kusuma Bangsa No.21 - Surabaya', 'GUDANG|16', '2026-02-05 10:11:37', -7.2489076, 112.7502949);

--
-- Indexes for dumped tables
--

--
-- Indexes for table `tbl_activity_logs_azka`
--
ALTER TABLE `tbl_activity_logs_azka`
  ADD PRIMARY KEY (`id_azka`),
  ADD KEY `fk_userr` (`user_id_azka`),
  ADD KEY `fk_logs_shipment` (`shipment_id_azka`);

--
-- Indexes for table `tbl_courier_scans_azka`
--
ALTER TABLE `tbl_courier_scans_azka`
  ADD PRIMARY KEY (`id_azka`),
  ADD KEY `courier_id_azka` (`courier_id_azka`),
  ADD KEY `warehouse_id_azka` (`warehouse_id_azka`),
  ADD KEY `shipment_id_azka` (`shipment_id_azka`);

--
-- Indexes for table `tbl_driver_scans_azka`
--
ALTER TABLE `tbl_driver_scans_azka`
  ADD PRIMARY KEY (`id_azka`),
  ADD KEY `fk_gudang` (`warehouse_id_azka`),
  ADD KEY `fk_shipment` (`driver_id_azka`);

--
-- Indexes for table `tbl_products_azka`
--
ALTER TABLE `tbl_products_azka`
  ADD PRIMARY KEY (`id_azka`),
  ADD KEY `shipment_id_azka` (`shipment_id_azka`);

--
-- Indexes for table `tbl_roles_azka`
--
ALTER TABLE `tbl_roles_azka`
  ADD PRIMARY KEY (`id_azka`);

--
-- Indexes for table `tbl_shipment_azka`
--
ALTER TABLE `tbl_shipment_azka`
  ADD PRIMARY KEY (`id_azka`),
  ADD UNIQUE KEY `tracking_number_azka` (`tracking_number_azka`),
  ADD KEY `warehouse_id_azka` (`warehouse_id_azka`),
  ADD KEY `courier_id_azka` (`courier_id_azka`),
  ADD KEY `driver_id_azka` (`driver_id_azka`);

--
-- Indexes for table `tbl_users_azka`
--
ALTER TABLE `tbl_users_azka`
  ADD PRIMARY KEY (`id_azka`),
  ADD UNIQUE KEY `email_azka` (`email_azka`),
  ADD KEY `fk_role_id` (`role_id_azka`),
  ADD KEY `fk_user_warehouse` (`warehouse_id_azka`);

--
-- Indexes for table `tbl_warehouses_azka`
--
ALTER TABLE `tbl_warehouses_azka`
  ADD PRIMARY KEY (`id_azka`);

--
-- AUTO_INCREMENT for dumped tables
--

--
-- AUTO_INCREMENT for table `tbl_activity_logs_azka`
--
ALTER TABLE `tbl_activity_logs_azka`
  MODIFY `id_azka` int(11) NOT NULL AUTO_INCREMENT, AUTO_INCREMENT=1226;

--
-- AUTO_INCREMENT for table `tbl_courier_scans_azka`
--
ALTER TABLE `tbl_courier_scans_azka`
  MODIFY `id_azka` int(11) NOT NULL AUTO_INCREMENT, AUTO_INCREMENT=99;

--
-- AUTO_INCREMENT for table `tbl_driver_scans_azka`
--
ALTER TABLE `tbl_driver_scans_azka`
  MODIFY `id_azka` int(11) NOT NULL AUTO_INCREMENT, AUTO_INCREMENT=70;

--
-- AUTO_INCREMENT for table `tbl_products_azka`
--
ALTER TABLE `tbl_products_azka`
  MODIFY `id_azka` int(11) NOT NULL AUTO_INCREMENT, AUTO_INCREMENT=62;

--
-- AUTO_INCREMENT for table `tbl_roles_azka`
--
ALTER TABLE `tbl_roles_azka`
  MODIFY `id_azka` int(11) NOT NULL AUTO_INCREMENT, AUTO_INCREMENT=7;

--
-- AUTO_INCREMENT for table `tbl_shipment_azka`
--
ALTER TABLE `tbl_shipment_azka`
  MODIFY `id_azka` int(11) NOT NULL AUTO_INCREMENT, AUTO_INCREMENT=99;

--
-- AUTO_INCREMENT for table `tbl_users_azka`
--
ALTER TABLE `tbl_users_azka`
  MODIFY `id_azka` int(11) NOT NULL AUTO_INCREMENT, AUTO_INCREMENT=19;

--
-- AUTO_INCREMENT for table `tbl_warehouses_azka`
--
ALTER TABLE `tbl_warehouses_azka`
  MODIFY `id_azka` int(11) NOT NULL AUTO_INCREMENT, AUTO_INCREMENT=17;

--
-- Constraints for dumped tables
--

--
-- Constraints for table `tbl_activity_logs_azka`
--
ALTER TABLE `tbl_activity_logs_azka`
  ADD CONSTRAINT `fk_logs_shipment` FOREIGN KEY (`shipment_id_azka`) REFERENCES `tbl_shipment_azka` (`id_azka`) ON DELETE CASCADE,
  ADD CONSTRAINT `fk_userr` FOREIGN KEY (`user_id_azka`) REFERENCES `tbl_users_azka` (`id_azka`);

--
-- Constraints for table `tbl_courier_scans_azka`
--
ALTER TABLE `tbl_courier_scans_azka`
  ADD CONSTRAINT `tbl_courier_scans_azka_ibfk_1` FOREIGN KEY (`courier_id_azka`) REFERENCES `tbl_users_azka` (`id_azka`),
  ADD CONSTRAINT `tbl_courier_scans_azka_ibfk_2` FOREIGN KEY (`warehouse_id_azka`) REFERENCES `tbl_warehouses_azka` (`id_azka`),
  ADD CONSTRAINT `tbl_courier_scans_azka_ibfk_3` FOREIGN KEY (`shipment_id_azka`) REFERENCES `tbl_shipment_azka` (`id_azka`);

--
-- Constraints for table `tbl_driver_scans_azka`
--
ALTER TABLE `tbl_driver_scans_azka`
  ADD CONSTRAINT `fk_driver` FOREIGN KEY (`driver_id_azka`) REFERENCES `tbl_users_azka` (`id_azka`),
  ADD CONSTRAINT `fk_gudang` FOREIGN KEY (`warehouse_id_azka`) REFERENCES `tbl_warehouses_azka` (`id_azka`);

--
-- Constraints for table `tbl_products_azka`
--
ALTER TABLE `tbl_products_azka`
  ADD CONSTRAINT `tbl_products_azka_ibfk_1` FOREIGN KEY (`shipment_id_azka`) REFERENCES `tbl_shipment_azka` (`id_azka`) ON DELETE CASCADE;

--
-- Constraints for table `tbl_shipment_azka`
--
ALTER TABLE `tbl_shipment_azka`
  ADD CONSTRAINT `tbl_shipment_azka_ibfk_1` FOREIGN KEY (`warehouse_id_azka`) REFERENCES `tbl_warehouses_azka` (`id_azka`),
  ADD CONSTRAINT `tbl_shipment_azka_ibfk_2` FOREIGN KEY (`courier_id_azka`) REFERENCES `tbl_users_azka` (`id_azka`),
  ADD CONSTRAINT `tbl_shipment_azka_ibfk_3` FOREIGN KEY (`driver_id_azka`) REFERENCES `tbl_users_azka` (`id_azka`);

--
-- Constraints for table `tbl_users_azka`
--
ALTER TABLE `tbl_users_azka`
  ADD CONSTRAINT `fk_user_warehouse` FOREIGN KEY (`warehouse_id_azka`) REFERENCES `tbl_warehouses_azka` (`id_azka`),
  ADD CONSTRAINT `tbl_users_azka_ibfk_1` FOREIGN KEY (`role_id_azka`) REFERENCES `tbl_roles_azka` (`id_azka`);
COMMIT;

/*!40101 SET CHARACTER_SET_CLIENT=@OLD_CHARACTER_SET_CLIENT */;
/*!40101 SET CHARACTER_SET_RESULTS=@OLD_CHARACTER_SET_RESULTS */;
/*!40101 SET COLLATION_CONNECTION=@OLD_COLLATION_CONNECTION */;
